"zcta5","state","puma12","stab","zipname","PUMAname","intptlon","intptlat","pop16","afact"
"ZIP census tabulation area","State code","PUMA (2012)","State abbreviation","ZCTA name","PUMA12 name","Wtd centroid W longitude, degrees","Wtd centroid latitude, degrees","Population (2016 est.)","zcta5 to puma12 allocation factor"
"20601","24","01106","MD","Waldorf, MD","Prince Georges County (South)--Clinton, Fort Washington (South), Rosaryville & Croom",-76.973,38.663445,303.938015,0.011696 
"20601","24","01600","MD","Waldorf, MD","Charles County--La Plata Town & Waldorf",-76.883466,38.636016,25683.517922,0.988304 
"20602","24","01600","MD","Waldorf, MD","Charles County--La Plata Town & Waldorf",-76.902781,38.599265,26854.325627,1 
"20603","24","01600","MD","Waldorf, MD","Charles County--La Plata Town & Waldorf",-76.961526,38.626381,31171.67904,1 
"20606","24","01500","MD","Abell, MD","St. Marys & Calvert Counties",-76.736692,38.254858,461.479178,1 
"20607","24","01106","MD","Accokeek, MD","Prince Georges County (South)--Clinton, Fort Washington (South), Rosaryville & Croom",-77.012828,38.666146,10263.429375,0.995512 
"20607","24","01600","MD","Accokeek, MD","Charles County--La Plata Town & Waldorf",-77.079814,38.683112,46.272731,0.004488 
"20608","24","01106","MD","Aquasco, MD","Prince Georges County (South)--Clinton, Fort Washington (South), Rosaryville & Croom",-76.716915,38.584733,966.501854,1 
"20609","24","01500","MD","Avenue, MD","St. Marys & Calvert Counties",-76.759366,38.269817,1199.203431,1 
"20611","24","01600","MD","Bel Alton, MD","Charles County--La Plata Town & Waldorf",-76.986066,38.466477,1160.046605,1 
"20612","24","01600","MD","Benedict, MD","Charles County--La Plata Town & Waldorf",-76.679292,38.511306,280.864716,1 
"20613","24","01106","MD","Brandywine, MD","Prince Georges County (South)--Clinton, Fort Washington (South), Rosaryville & Croom",-76.845716,38.69262,10814.514219,0.864363 
"20613","24","01600","MD","Brandywine, MD","Charles County--La Plata Town & Waldorf",-76.758828,38.594112,1697.025506,0.135637 
"20615","24","01500","MD","Broomes Island, MD","St. Marys & Calvert Counties",-76.547036,38.419223,416.474019,1 
"20616","24","01600","MD","Bryans Road, MD","Charles County--La Plata Town & Waldorf",-77.077364,38.639872,6302.776405,1 
"20617","24","01600","MD","Bryantown, MD","Charles County--La Plata Town & Waldorf",-76.842218,38.545907,840.441928,1 
"20618","24","01500","MD","Bushwood, MD","St. Marys & Calvert Counties",-76.788532,38.28404,649.925431,1 
"20619","24","01500","MD","California, MD","St. Marys & Calvert Counties",-76.528221,38.297984,11245.74432,1 
"20620","24","01500","MD","Callaway, MD","St. Marys & Calvert Counties",-76.526545,38.235354,1545.045135,1 
"20621","24","01500","MD","Chaptico, MD","St. Marys & Calvert Counties",-76.80215,38.324621,1470.094921,1 
"20622","24","01500","MD","Charlotte Hall, MD","St. Marys & Calvert Counties",-76.770102,38.493092,1895.169708,0.360066 
"20622","24","01600","MD","Charlotte Hall, MD","Charles County--La Plata Town & Waldorf",-76.845551,38.462664,3368.224372,0.639934 
"20623","24","01106","MD","Rosaryville, MD","Prince Georges County (South)--Clinton, Fort Washington (South), Rosaryville & Croom",-76.83156,38.746058,2885.833611,1 
"20624","24","01500","MD","Clements, MD","St. Marys & Calvert Counties",-76.742937,38.336937,1372.659642,1 
"20625","24","01600","MD","Cobb Island, MD","Charles County--La Plata Town & Waldorf",-76.849895,38.262573,1142.828845,1 
"20626","24","01500","MD","Coltons Point, MD","St. Marys & Calvert Counties",-76.75833,38.229597,399.377571,1 
"20628","24","01500","MD","Dameron, MD","St. Marys & Calvert Counties",-76.356046,38.151069,636.006106,1 
"20629","24","01500","MD","Solomons, MD","St. Marys & Calvert Counties",-76.452597,38.336725,550.157037,1 
"20630","24","01500","MD","Drayden, MD","St. Marys & Calvert Counties",-76.468422,38.177146,372.609638,1 
"20632","24","01600","MD","Faulkner, MD","Charles County--La Plata Town & Waldorf",-76.962324,38.434518,373.410178,1 
"20634","24","01500","MD","California, MD","St. Marys & Calvert Counties",-76.496353,38.267203,6346.14173,1 
"20636","24","01500","MD","Hollywood, MD","St. Marys & Calvert Counties",-76.569446,38.345605,10639.7183,1 
"20637","24","01600","MD","Hughesville, MD","Charles County--La Plata Town & Waldorf",-76.77392,38.527286,5835.744655,1 
"20639","24","01500","MD","Huntingtown, MD","St. Marys & Calvert Counties",-76.599199,38.610706,14630.063863,1 
"20640","24","01600","MD","Indian Head, MD","Charles County--La Plata Town & Waldorf",-77.144247,38.582505,11232.436421,1 
"20645","24","01600","MD","Issue, MD","Charles County--La Plata Town & Waldorf",-76.915699,38.298644,922.22629,1 
"20646","24","01600","MD","La Plata, MD","Charles County--La Plata Town & Waldorf",-76.973635,38.525146,20327.718337,1 
"20650","24","01500","MD","Leonardtown, MD","St. Marys & Calvert Counties",-76.632105,38.276106,14687.029881,1 
"20653","24","01500","MD","Lexington Park, MD","St. Marys & Calvert Counties",-76.453837,38.250793,26212.231429,1 
"20657","24","01500","MD","Chesapeake Ranch Estates, MD","St. Marys & Calvert Counties",-76.428585,38.367451,21063.302039,1 
"20658","24","01600","MD","Marbury, MD","Charles County--La Plata Town & Waldorf",-77.159941,38.564221,918.99796,1 
"20659","24","01500","MD","Mechanicsville, MD","St. Marys & Calvert Counties",-76.729097,38.427762,24765.69229,0.984261 
"20659","24","01600","MD","Mechanicsville, MD","Charles County--La Plata Town & Waldorf",-76.833742,38.438916,396.008489,0.015739 
"20660","24","01500","MD","Morganza, MD (PO Boxes)","St. Marys & Calvert Counties",-76.704309,38.370758,103.859583,1 
"20662","24","01600","MD","Nanjemoy, MD","Charles County--La Plata Town & Waldorf",-77.198587,38.442834,3157.306808,1 
"20664","24","01600","MD","Newburg, MD","Charles County--La Plata Town & Waldorf",-76.931316,38.348463,3214.340639,1 
"20667","24","01500","MD","Park Hall, MD","St. Marys & Calvert Counties",-76.435256,38.222236,528.934371,1 
"20670","24","01500","MD","Patuxent River, MD","St. Marys & Calvert Counties",-76.441794,38.274032,1085.707392,1 
"20674","24","01500","MD","Piney Point, MD","St. Marys & Calvert Counties",-76.502755,38.138321,888.6954,1 
"20675","24","01600","MD","Bensville, MD","Charles County--La Plata Town & Waldorf",-77.013615,38.584151,1798.179849,1 
"20676","24","01500","MD","Port Republic, MD","St. Marys & Calvert Counties",-76.541844,38.482996,3980.668954,1 
"20677","24","01600","MD","Port Tobacco, MD","Charles County--La Plata Town & Waldorf",-77.038887,38.507116,2498.727474,1 
"20678","24","01500","MD","Prince Frederick, MD","St. Marys & Calvert Counties",-76.588131,38.533316,11357.914906,1 
"20680","24","01500","MD","Ridge, MD","St. Marys & Calvert Counties",-76.368609,38.114604,1198.132714,1 
"20684","24","01500","MD","Saint Inigoes, MD","St. Marys & Calvert Counties",-76.402046,38.153238,1204.557018,1 
"20685","24","01500","MD","Saint Leonard, MD","St. Marys & Calvert Counties",-76.508656,38.453902,6654.329321,1 
"20686","24","01500","MD","Saint Marys City, MD (PO Boxes)","St. Marys & Calvert Counties",-76.427397,38.188277,1426.195509,1 
"20687","24","01500","MD","Scotland, MD","St. Marys & Calvert Counties",-76.34817,38.079827,335.13453,1 
"20688","24","01500","MD","Solomons, MD","St. Marys & Calvert Counties",-76.463212,38.341238,1879.788904,1 
"20689","24","01500","MD","Sunderland, MD","St. Marys & Calvert Counties",-76.584783,38.663611,1741.992562,1 
"20690","24","01500","MD","Tall Timbers, MD","St. Marys & Calvert Counties",-76.530197,38.160641,792.330839,1 
"20692","24","01500","MD","Valley Lee, MD","St. Marys & Calvert Counties",-76.496595,38.191861,1125.323934,1 
"20693","24","01600","MD","Welcome, MD","Charles County--La Plata Town & Waldorf",-77.095408,38.478213,1170.807705,1 
"20695","24","01600","MD","Waldorf, MD","Charles County--La Plata Town & Waldorf",-76.97898,38.600843,7311.091497,1 
"20701","24","00902","MD","Annapolis Junction, MD","Howard County (East)--Columbia (East), Ellicott City (Southeast) & Elkridge",-76.799422,39.13205,2.210028,1 
"20705","24","01006","MD","Beltsville, MD","Montgomery County (East)--Fairland, Calverton, White Oak & Burtonsville",-76.956466,39.043553,181.536347,0.00659 
"20705","24","01102","MD","Beltsville, MD","Prince Georges County (North)--Laurel, Greenbelt (North & East) Cities & Beltsville",-76.923147,39.047939,27363.886557,0.993409 
"20706","24","01102","MD","Seabrook, MD","Prince Georges County (North)--Laurel, Greenbelt (North & East) Cities & Beltsville",-76.846547,38.981965,17442.255988,0.428642 
"20706","24","01103","MD","Seabrook, MD","Prince Georges County (Northwest)--New Carrollton & Hyattsville (Southeast) Cities",-76.885275,38.969319,5626.53419,0.138271 
"20706","24","01104","MD","Seabrook, MD","Prince Georges County (Central)--Seat Pleasant City, Capitol Heights Town & Landover",-76.863977,38.930792,5553.967674,0.136488 
"20706","24","01105","MD","Seabrook, MD","Prince Georges County (East)--Bowie City, Kettering, Largo, Mitchellville & Lanham",-76.844047,38.960865,12069.178759,0.296599 
"20707","24","01006","MD","Laurel, MD","Montgomery County (East)--Fairland, Calverton, White Oak & Burtonsville",-76.907609,39.111063,320.105512,0.009649 
"20707","24","01102","MD","Laurel, MD","Prince Georges County (North)--Laurel, Greenbelt (North & East) Cities & Beltsville",-76.870211,39.096958,32854.752913,0.990351 
"20708","24","01102","MD","South Laurel, MD","Prince Georges County (North)--Laurel, Greenbelt (North & East) Cities & Beltsville",-76.847474,39.0678,26866.437833,1 
"20710","24","01103","MD","Bladensburg, MD","Prince Georges County (Northwest)--New Carrollton & Hyattsville (Southeast) Cities",-76.920701,38.942617,9794.376244,1 
"20711","24","01204","MD","Lothian, MD","Anne Arundel County (Southeast)--Annapolis City, Parole, Annapolis Neck & Edgewater",-76.663116,38.80737,7022.189798,1 
"20712","24","01103","MD","Mount Rainier, MD","Prince Georges County (Northwest)--New Carrollton & Hyattsville (Southeast) Cities",-76.96516,38.944456,9497.80005,1 
"20714","24","01204","MD","North Beach, MD","Anne Arundel County (Southeast)--Annapolis City, Parole, Annapolis Neck & Edgewater",-76.541056,38.725102,956.658402,0.212869 
"20714","24","01500","MD","North Beach, MD","St. Marys & Calvert Counties",-76.53791,38.708139,3537.458332,0.787131 
"20715","24","01102","MD","Bowie, MD","Prince Georges County (North)--Laurel, Greenbelt (North & East) Cities & Beltsville",-76.764552,39.014742,3407.471173,0.122811 
"20715","24","01105","MD","Bowie, MD","Prince Georges County (East)--Bowie City, Kettering, Largo, Mitchellville & Lanham",-76.741756,38.978761,24338.178358,0.877189 
"20716","24","01105","MD","Bowie, MD","Prince Georges County (East)--Bowie City, Kettering, Largo, Mitchellville & Lanham",-76.728143,38.930454,21861.451626,1 
"20720","24","01102","MD","Bowie, MD","Prince Georges County (North)--Laurel, Greenbelt (North & East) Cities & Beltsville",-76.788307,39.005134,5035.485178,0.227664 
"20720","24","01105","MD","Bowie, MD","Prince Georges County (East)--Bowie City, Kettering, Largo, Mitchellville & Lanham",-76.788048,38.964154,17082.578475,0.772336 
"20721","24","01105","MD","Lake Arbor, MD","Prince Georges County (East)--Bowie City, Kettering, Largo, Mitchellville & Lanham",-76.798564,38.916145,28412.420125,1 
"20722","24","01103","MD","Brentwood, MD","Prince Georges County (Northwest)--New Carrollton & Hyattsville (Southeast) Cities",-76.952075,38.939955,6006.193786,1 
"20723","24","00901","MD","Scaggsville, MD","Howard County (West)--Columbia (West) & Ellicott City (Northwest)",-76.905993,39.146095,321.559131,0.010044 
"20723","24","00902","MD","Scaggsville, MD","Howard County (East)--Columbia (East), Ellicott City (Southeast) & Elkridge",-76.856009,39.129662,31692.91211,0.989955 
"20724","24","01201","MD","Maryland City, MD","Anne Arundel County (Northwest)--Severn, Odenton, Crofton, Maryland City & Fort Meade",-76.809539,39.10146,17011.606265,1 
"20732","24","01500","MD","Chesapeake Beach, MD","St. Marys & Calvert Counties",-76.542679,38.675323,10200.014301,1 
"20733","24","01204","MD","Deale, MD","Anne Arundel County (Southeast)--Annapolis City, Parole, Annapolis Neck & Edgewater",-76.52367,38.802509,2824.52072,1 
"20735","24","01106","MD","Clinton, MD","Prince Georges County (South)--Clinton, Fort Washington (South), Rosaryville & Croom",-76.899575,38.755226,37251.86309,1 
"20736","24","01204","MD","Owings, MD","Anne Arundel County (Southeast)--Annapolis City, Parole, Annapolis Neck & Edgewater",-76.6161,38.725662,13.742054,0.001501 
"20736","24","01500","MD","Owings, MD","St. Marys & Calvert Counties",-76.615946,38.695534,9142.890125,0.998499 
"20737","24","01103","MD","East Riverdale, MD","Prince Georges County (Northwest)--New Carrollton & Hyattsville (Southeast) Cities",-76.915,38.960022,21753.127697,1 
"20740","24","01101","MD","College Park, MD","Prince Georges County (Northwest)--College Park City & Langley Park",-76.930139,38.996347,25910.452865,0.856046 
"20740","24","01102","MD","College Park, MD","Prince Georges County (North)--Laurel, Greenbelt (North & East) Cities & Beltsville",-76.923335,39.021118,1884.626031,0.062265 
"20740","24","01103","MD","College Park, MD","Prince Georges County (Northwest)--New Carrollton & Hyattsville (Southeast) Cities",-76.917275,38.983864,2472.519978,0.081689 
"20742","24","01101","MD","College Park, MD","Prince Georges County (Northwest)--College Park City & Langley Park",-76.945343,38.990019,8211.584851,1 
"20743","24","01103","MD","Coral Hills, MD","Prince Georges County (Northwest)--New Carrollton & Hyattsville (Southeast) Cities",-76.932162,38.912746,134.616145,0.003314 
"20743","24","01104","MD","Coral Hills, MD","Prince Georges County (Central)--Seat Pleasant City, Capitol Heights Town & Landover",-76.905853,38.886056,38060.611649,0.937055 
"20743","24","01105","MD","Coral Hills, MD","Prince Georges County (East)--Bowie City, Kettering, Largo, Mitchellville & Lanham",-76.843643,38.862406,803.490116,0.019782 
"20743","24","01107","MD","Coral Hills, MD","Prince Georges County (Southwest)--Oxon Hill, Hillcrest Heights & Temple Hills",-76.94049,38.865617,1618.548807,0.039849 
"20744","24","01106","MD","Fort Washington, MD","Prince Georges County (South)--Clinton, Fort Washington (South), Rosaryville & Croom",-76.98173,38.739507,28544.932892,0.535113 
"20744","24","01107","MD","Fort Washington, MD","Prince Georges County (Southwest)--Oxon Hill, Hillcrest Heights & Temple Hills",-76.982144,38.781542,24798.81798,0.464887 
"20745","24","01107","MD","Glassmanor, MD","Prince Georges County (Southwest)--Oxon Hill, Hillcrest Heights & Temple Hills",-76.989103,38.810659,29921.593314,1 
"20746","24","01104","MD","Suitland, MD","Prince Georges County (Central)--Seat Pleasant City, Capitol Heights Town & Landover",-76.923174,38.852941,2960.503504,0.097614 
"20746","24","01107","MD","Suitland, MD","Prince Georges County (Southwest)--Oxon Hill, Hillcrest Heights & Temple Hills",-76.92091,38.839333,27368.093311,0.902386 
"20747","24","01104","MD","Forestville, MD","Prince Georges County (Central)--Seat Pleasant City, Capitol Heights Town & Landover",-76.890427,38.854084,42124.336529,1 
"20748","24","01106","MD","Hillcrest Heights, MD","Prince Georges County (South)--Clinton, Fort Washington (South), Rosaryville & Croom",-76.914521,38.790455,3550.500827,0.087028 
"20748","24","01107","MD","Hillcrest Heights, MD","Prince Georges County (Southwest)--Oxon Hill, Hillcrest Heights & Temple Hills",-76.949995,38.823764,37246.604647,0.912971 
"20751","24","01204","MD","Deale, MD","Anne Arundel County (Southeast)--Annapolis City, Parole, Annapolis Neck & Edgewater",-76.550111,38.78398,2476.741035,1 
"20754","24","01204","MD","Dunkirk, MD","Anne Arundel County (Southeast)--Annapolis City, Parole, Annapolis Neck & Edgewater",-76.609097,38.755626,1081.393973,0.150668 
"20754","24","01500","MD","Dunkirk, MD","St. Marys & Calvert Counties",-76.659686,38.732984,6095.945637,0.849332 
"20755","24","01201","MD","Fort Meade, MD","Anne Arundel County (Northwest)--Severn, Odenton, Crofton, Maryland City & Fort Meade",-76.748731,39.113557,9832.968463,1 
"20758","24","01204","MD","Friendship, MD","Anne Arundel County (Southeast)--Annapolis City, Parole, Annapolis Neck & Edgewater",-76.593125,38.735436,762.155479,1 
"20759","24","00901","MD","Fulton, MD","Howard County (West)--Columbia (West) & Ellicott City (Northwest)",-76.921451,39.158178,3707.322622,1 
"20762","24","01106","MD","Andrews AFB, MD","Prince Georges County (South)--Clinton, Fort Washington (South), Rosaryville & Croom",-76.893472,38.800299,3126.670308,1 
"20763","24","00902","MD","Savage, MD","Howard County (East)--Columbia (East), Ellicott City (Southeast) & Elkridge",-76.821813,39.138965,2943.757814,1 
"20764","24","01204","MD","Shady Side, MD","Anne Arundel County (Southeast)--Annapolis City, Parole, Annapolis Neck & Edgewater",-76.511382,38.834351,4414.370705,1 
"20765","24","01204","MD","Galesville, MD","Anne Arundel County (Southeast)--Annapolis City, Parole, Annapolis Neck & Edgewater",-76.547338,38.844889,543.339689,1 
"20769","24","01102","MD","Glenn Dale, MD","Prince Georges County (North)--Laurel, Greenbelt (North & East) Cities & Beltsville",-76.81475,38.998677,1431.34823,0.206087 
"20769","24","01105","MD","Glenn Dale, MD","Prince Georges County (East)--Bowie City, Kettering, Largo, Mitchellville & Lanham",-76.80647,38.975717,5514.003506,0.793912 
"20770","24","01101","MD","Greenbelt, MD","Prince Georges County (Northwest)--College Park City & Langley Park",-76.90335,39.003677,7699.412486,0.290827 
"20770","24","01102","MD","Greenbelt, MD","Prince Georges County (North)--Laurel, Greenbelt (North & East) Cities & Beltsville",-76.872965,38.995958,18774.745487,0.709172 
"20772","24","01105","MD","Marlboro Village, MD","Prince Georges County (East)--Bowie City, Kettering, Largo, Mitchellville & Lanham",-76.765871,38.827424,19708.644993,0.439648 
"20772","24","01106","MD","Marlboro Village, MD","Prince Georges County (South)--Clinton, Fort Washington (South), Rosaryville & Croom",-76.804056,38.7702,25119.583013,0.560352 
"20774","24","01105","MD","Kettering, MD","Prince Georges County (East)--Bowie City, Kettering, Largo, Mitchellville & Lanham",-76.805906,38.886287,45236.283196,1 
"20776","24","01204","MD","Harwood, MD","Anne Arundel County (Southeast)--Annapolis City, Parole, Annapolis Neck & Edgewater",-76.624917,38.871281,3476.739763,1 
"20777","24","00901","MD","Highland, MD","Howard County (West)--Columbia (West) & Ellicott City (Northwest)",-76.967857,39.178695,3612.291402,0.986795 
"20777","24","01001","MD","Highland, MD","Montgomery County (North & West)--Olney, Damascus, Clarksburg & Darnestown",-76.997763,39.162319,48.338081,0.013205 
"20778","24","01204","MD","Shady Side, MD","Anne Arundel County (Southeast)--Annapolis City, Parole, Annapolis Neck & Edgewater",-76.548086,38.829028,2123.675945,1 
"20779","24","01204","MD","Tracys Landing, MD","Anne Arundel County (Southeast)--Annapolis City, Parole, Annapolis Neck & Edgewater",-76.575722,38.7647,1249.469869,1 
"20781","24","01103","MD","Hyattsville, MD","Prince Georges County (Northwest)--New Carrollton & Hyattsville (Southeast) Cities",-76.936118,38.952457,12031.317968,1 
"20782","24","01101","MD","Chillum, MD","Prince Georges County (Northwest)--College Park City & Langley Park",-76.966607,38.96584,25104.859372,0.781119 
"20782","24","01103","MD","Chillum, MD","Prince Georges County (Northwest)--New Carrollton & Hyattsville (Southeast) Cities",-76.966627,38.954456,7034.74527,0.218881 
"20783","24","01101","MD","Langley Park, MD","Prince Georges County (Northwest)--College Park City & Langley Park",-76.977627,38.988145,44006.859183,0.940589 
"20783","24","01102","MD","Langley Park, MD","Prince Georges County (North)--Laurel, Greenbelt (North & East) Cities & Beltsville",-76.956978,39.028548,2779.613059,0.059411 
"20784","24","01102","MD","New Carrollton, MD","Prince Georges County (North)--Laurel, Greenbelt (North & East) Cities & Beltsville",-76.866281,38.965293,243.991763,0.007878 
"20784","24","01103","MD","New Carrollton, MD","Prince Georges County (Northwest)--New Carrollton & Hyattsville (Southeast) Cities",-76.890209,38.951129,30727.186807,0.992122 
"20785","24","01103","MD","Landover, MD","Prince Georges County (Northwest)--New Carrollton & Hyattsville (Southeast) Cities",-76.910746,38.927519,6779.184932,0.183898 
"20785","24","01104","MD","Landover, MD","Prince Georges County (Central)--Seat Pleasant City, Capitol Heights Town & Landover",-76.877524,38.914549,30084.605052,0.816102 
"20794","24","00902","MD","Jessup, MD","Howard County (East)--Columbia (East), Ellicott City (Southeast) & Elkridge",-76.80681,39.155476,8402.527934,0.550364 
"20794","24","01201","MD","Jessup, MD","Anne Arundel County (Northwest)--Severn, Odenton, Crofton, Maryland City & Fort Meade",-76.770502,39.141345,6864.684713,0.449636 
"20812","24","01004","MD","Glen Echo, MD","Montgomery County (South)--Bethesda, Potomac & North Bethesda",-77.142532,38.969708,273.91579,1 
"20814","24","01004","MD","Bethesda, MD","Montgomery County (South)--Bethesda, Potomac & North Bethesda",-77.101794,39.001275,28739.674395,0.967911 
"20814","24","01005","MD","Bethesda, MD","Montgomery County (East Central)--Wheaton, Aspen Hill & Glenmont",-77.093181,39.01831,952.797279,0.032089 
"20815","24","01004","MD","Chevy Chase, MD","Montgomery County (South)--Bethesda, Potomac & North Bethesda",-77.083739,38.977319,28960.955387,0.927068 
"20815","24","01007","MD","Chevy Chase, MD","Montgomery County (Southeast)--Takoma Park City & Silver Spring",-77.056386,38.992958,2278.334868,0.072932 
"20816","24","01004","MD","Bethesda, MD","Montgomery County (South)--Bethesda, Potomac & North Bethesda",-77.114135,38.958837,17410.302471,1 
"20817","24","01004","MD","Bethesda, MD","Montgomery County (South)--Bethesda, Potomac & North Bethesda",-77.137617,38.999954,38928.267617,1 
"20818","24","01004","MD","Cabin John, MD","Montgomery County (South)--Bethesda, Potomac & North Bethesda",-77.16145,38.976312,2107.540316,1 
"20832","24","01001","MD","Olney, MD","Montgomery County (North & West)--Olney, Damascus, Clarksburg & Darnestown",-77.07365,39.152836,26816.892965,1 
"20833","24","00901","MD","Olney, MD","Howard County (West)--Columbia (West) & Ellicott City (Northwest)",-77.056701,39.252245,92.821192,0.011168 
"20833","24","01001","MD","Olney, MD","Montgomery County (North & West)--Olney, Damascus, Clarksburg & Darnestown",-77.055706,39.181023,8218.54789,0.988832 
"20837","24","01001","MD","Poolesville, MD","Montgomery County (North & West)--Olney, Damascus, Clarksburg & Darnestown",-77.407548,39.139933,6218.425531,1 
"20838","24","01001","MD","Barnesville, MD","Montgomery County (North & West)--Olney, Damascus, Clarksburg & Darnestown",-77.374847,39.223361,278.212509,1 
"20839","24","01001","MD","Beallsville, MD","Montgomery County (North & West)--Olney, Damascus, Clarksburg & Darnestown",-77.416919,39.182356,229.874428,1 
"20841","24","01001","MD","Germantown, MD","Montgomery County (North & West)--Olney, Damascus, Clarksburg & Darnestown",-77.304037,39.176139,9313.136872,0.828872 
"20841","24","01002","MD","Germantown, MD","Montgomery County (West Central)--Germantown & Montgomery Village",-77.261911,39.215405,1922.78143,0.171128 
"20842","24","00301","MD","Dickerson, MD","Frederick County (Outside Greater Frederick City)",-77.396221,39.263163,378.730368,0.193768 
"20842","24","01001","MD","Dickerson, MD","Montgomery County (North & West)--Olney, Damascus, Clarksburg & Darnestown",-77.404785,39.209345,1575.821429,0.806231 
"20850","24","01001","MD","Rockville, MD","Montgomery County (North & West)--Olney, Damascus, Clarksburg & Darnestown",-77.232059,39.079621,1248.19666,0.025076 
"20850","24","01003","MD","Rockville, MD","Montgomery County (Central)--Rockville, Gaithersburg Cities & North Potomac",-77.174573,39.093747,48529.284614,0.974924 
"20851","24","01003","MD","Rockville, MD","Montgomery County (Central)--Rockville, Gaithersburg Cities & North Potomac",-77.124126,39.076995,13077.062085,0.857867 
"20851","24","01004","MD","Rockville, MD","Montgomery County (South)--Bethesda, Potomac & North Bethesda",-77.112996,39.06738,2166.620193,0.142132 
"20852","24","01003","MD","North Bethesda, MD","Montgomery County (Central)--Rockville, Gaithersburg Cities & North Potomac",-77.135154,39.064346,10308.901333,0.237755 
"20852","24","01004","MD","North Bethesda, MD","Montgomery County (South)--Bethesda, Potomac & North Bethesda",-77.114991,39.043435,33050.35701,0.762244 
"20853","24","01001","MD","Aspen Hill, MD","Montgomery County (North & West)--Olney, Damascus, Clarksburg & Darnestown",-77.08826,39.126727,3847.71122,0.120716 
"20853","24","01003","MD","Aspen Hill, MD","Montgomery County (Central)--Rockville, Gaithersburg Cities & North Potomac",-77.122339,39.095855,47.263901,0.001483 
"20853","24","01005","MD","Aspen Hill, MD","Montgomery County (East Central)--Wheaton, Aspen Hill & Glenmont",-77.094542,39.08387,27979.15526,0.877801 
"20854","24","01001","MD","Potomac, MD","Montgomery County (North & West)--Olney, Damascus, Clarksburg & Darnestown",-77.261925,39.057527,4251.602738,0.079781 
"20854","24","01003","MD","Potomac, MD","Montgomery County (Central)--Rockville, Gaithersburg Cities & North Potomac",-77.184284,39.067218,12079.149265,0.226663 
"20854","24","01004","MD","Potomac, MD","Montgomery County (South)--Bethesda, Potomac & North Bethesda",-77.190472,39.029709,36960.370645,0.693556 
"20855","24","01001","MD","Redland, MD","Montgomery County (North & West)--Olney, Damascus, Clarksburg & Darnestown",-77.130335,39.141958,5914.432712,0.38517 
"20855","24","01003","MD","Redland, MD","Montgomery County (Central)--Rockville, Gaithersburg Cities & North Potomac",-77.154104,39.131183,9440.964241,0.61483 
"20860","24","01001","MD","Ashton-Sandy Spring, MD","Montgomery County (North & West)--Olney, Damascus, Clarksburg & Darnestown",-77.030198,39.146799,2573.73425,1 
"20861","24","01001","MD","Ashton-Sandy Spring, MD","Montgomery County (North & West)--Olney, Damascus, Clarksburg & Darnestown",-77.000174,39.148368,2014.086694,1 
"20862","24","01001","MD","Brinklow, MD","Montgomery County (North & West)--Olney, Damascus, Clarksburg & Darnestown",-77.019451,39.181654,368.443593,1 
"20866","24","01006","MD","Burtonsville, MD","Montgomery County (East)--Fairland, Calverton, White Oak & Burtonsville",-76.932167,39.097564,14333.852182,1 
"20868","24","01006","MD","Burtonsville, MD","Montgomery County (East)--Fairland, Calverton, White Oak & Burtonsville",-76.970111,39.126082,848.60186,1 
"20871","24","00301","MD","Clarksburg, MD","Frederick County (Outside Greater Frederick City)",-77.297454,39.298596,353.269503,0.025055 
"20871","24","01001","MD","Clarksburg, MD","Montgomery County (North & West)--Olney, Damascus, Clarksburg & Darnestown",-77.267201,39.242247,13746.275957,0.974945 
"20872","24","01001","MD","Damascus, MD","Montgomery County (North & West)--Olney, Damascus, Clarksburg & Darnestown",-77.211782,39.274961,14076.049085,1 
"20874","24","01001","MD","Germantown, MD","Montgomery County (North & West)--Olney, Damascus, Clarksburg & Darnestown",-77.283972,39.144836,14593.803638,0.236826 
"20874","24","01002","MD","Germantown, MD","Montgomery County (West Central)--Germantown & Montgomery Village",-77.270204,39.175744,47028.655754,0.763174 
"20876","24","01001","MD","Germantown, MD","Montgomery County (North & West)--Olney, Damascus, Clarksburg & Darnestown",-77.231779,39.225904,1188.042604,0.043379 
"20876","24","01002","MD","Germantown, MD","Montgomery County (West Central)--Germantown & Montgomery Village",-77.241534,39.190729,26199.239712,0.95662 
"20877","24","01002","MD","Gaithersburg, MD","Montgomery County (West Central)--Germantown & Montgomery Village",-77.180397,39.156406,2048.46044,0.055564 
"20877","24","01003","MD","Gaithersburg, MD","Montgomery County (Central)--Rockville, Gaithersburg Cities & North Potomac",-77.187152,39.142655,34818.456582,0.944436 
"20878","24","01001","MD","Gaithersburg, MD","Montgomery County (North & West)--Olney, Damascus, Clarksburg & Darnestown",-77.271329,39.103782,6272.134509,0.093505 
"20878","24","01003","MD","Gaithersburg, MD","Montgomery County (Central)--Rockville, Gaithersburg Cities & North Potomac",-77.230921,39.116674,60806.082919,0.906495 
"20879","24","01001","MD","Gaithersburg, MD","Montgomery County (North & West)--Olney, Damascus, Clarksburg & Darnestown",-77.144189,39.167806,1513.519014,0.057841 
"20879","24","01002","MD","Gaithersburg, MD","Montgomery County (West Central)--Germantown & Montgomery Village",-77.186638,39.16781,24653.495311,0.942159 
"20880","24","01003","MD","Washington Grove, MD","Montgomery County (Central)--Rockville, Gaithersburg Cities & North Potomac",-77.174779,39.139656,483.380807,1 
"20882","24","01001","MD","Gaithersburg, MD","Montgomery County (North & West)--Olney, Damascus, Clarksburg & Darnestown",-77.170485,39.231454,14859.125992,0.983645 
"20882","24","01002","MD","Gaithersburg, MD","Montgomery County (West Central)--Germantown & Montgomery Village",-77.155218,39.190052,247.061301,0.016355 
"20886","24","01002","MD","Montgomery Village, MD","Montgomery County (West Central)--Germantown & Montgomery Village",-77.196082,39.176483,35750.844449,1 
"20895","24","01004","MD","South Kensington, MD","Montgomery County (South)--Bethesda, Potomac & North Bethesda",-77.102008,39.038298,1790.657343,0.087488 
"20895","24","01005","MD","South Kensington, MD","Montgomery County (East Central)--Wheaton, Aspen Hill & Glenmont",-77.074479,39.027723,18676.760184,0.912511 
"20896","24","01004","MD","Garrett Park, MD","Montgomery County (South)--Bethesda, Potomac & North Bethesda",-77.094164,39.036841,973.20669,1 
"20899","24","01003","MD","Gaithersburg, MD","Montgomery County (Central)--Rockville, Gaithersburg Cities & North Potomac",-77.216228,39.143736,152.533499,1 
"20901","24","01006","MD","Silver Spring, MD","Montgomery County (East)--Fairland, Calverton, White Oak & Burtonsville",-77.004226,39.036175,10826.655886,0.28936 
"20901","24","01007","MD","Silver Spring, MD","Montgomery County (Southeast)--Takoma Park City & Silver Spring",-77.009454,39.012533,26589.166896,0.710639 
"20902","24","01005","MD","Wheaton, MD","Montgomery County (East Central)--Wheaton, Aspen Hill & Glenmont",-77.051376,39.045541,38586.678514,0.735488 
"20902","24","01006","MD","Wheaton, MD","Montgomery County (East)--Fairland, Calverton, White Oak & Burtonsville",-77.020528,39.045379,5406.345776,0.103049 
"20902","24","01007","MD","Wheaton, MD","Montgomery County (Southeast)--Takoma Park City & Silver Spring",-77.045944,39.022468,8470.980089,0.161463 
"20903","24","01006","MD","Silver Spring, MD","Montgomery County (East)--Fairland, Calverton, White Oak & Burtonsville",-76.981638,39.025602,4420.248931,0.175007 
"20903","24","01007","MD","Silver Spring, MD","Montgomery County (Southeast)--Takoma Park City & Silver Spring",-76.985389,39.006849,15229.717944,0.602976 
"20903","24","01101","MD","Silver Spring, MD","Prince Georges County (Northwest)--College Park City & Langley Park",-76.981986,39.001597,5607.603794,0.222017 
"20904","24","01006","MD","Fairland, MD","Montgomery County (East)--Fairland, Calverton, White Oak & Burtonsville",-76.971103,39.065689,58316.134676,0.994208 
"20904","24","01102","MD","Fairland, MD","Prince Georges County (North)--Laurel, Greenbelt (North & East) Cities & Beltsville",-76.932014,39.069863,339.695429,0.005791 
"20905","24","01001","MD","Cloverly, MD","Montgomery County (North & West)--Olney, Damascus, Clarksburg & Darnestown",-76.992554,39.139902,814.228114,0.042008 
"20905","24","01006","MD","Cloverly, MD","Montgomery County (East)--Fairland, Calverton, White Oak & Burtonsville",-76.990814,39.10217,18568.268047,0.957991 
"20906","24","01001","MD","Aspen Hill, MD","Montgomery County (North & West)--Olney, Damascus, Clarksburg & Darnestown",-77.050587,39.120579,442.561983,0.006368 
"20906","24","01005","MD","Aspen Hill, MD","Montgomery County (East Central)--Wheaton, Aspen Hill & Glenmont",-77.065856,39.077976,58184.010589,0.837238 
"20906","24","01006","MD","Aspen Hill, MD","Montgomery County (East)--Fairland, Calverton, White Oak & Burtonsville",-77.05117,39.10257,10868.548889,0.156393 
"20910","24","01005","MD","Silver Spring, MD","Montgomery County (East Central)--Wheaton, Aspen Hill & Glenmont",-77.062378,39.02163,523.125451,0.013006 
"20910","24","01007","MD","Silver Spring, MD","Montgomery County (Southeast)--Takoma Park City & Silver Spring",-77.033328,38.998295,39699.528548,0.986994 
"20912","24","01007","MD","Takoma Park, MD","Montgomery County (Southeast)--Takoma Park City & Silver Spring",-77.002364,38.984788,22934.807999,0.863202 
"20912","24","01101","MD","Takoma Park, MD","Prince Georges County (Northwest)--College Park City & Langley Park",-76.992306,38.974025,3634.635918,0.136798 
"21001","24","00601","MD","Aberdeen, MD","Harford County (North & West)--Bel Air Town, Fallston & Jarrettsville",-76.204946,39.536319,2462.887373,0.111789 
"21001","24","00602","MD","Aberdeen, MD","Harford County (South & East)--Aberdeen & Havre de Grace Cities",-76.181003,39.506412,19568.778316,0.888211 
"21005","24","00602","MD","Aberdeen Proving Ground, MD","Harford County (South & East)--Aberdeen & Havre de Grace Cities",-76.142107,39.487719,2165.536275,1 
"21009","24","00601","MD","Bel Air South, MD","Harford County (North & West)--Bel Air Town, Fallston & Jarrettsville",-76.322638,39.482895,4379.263934,0.143486 
"21009","24","00602","MD","Bel Air South, MD","Harford County (South & East)--Aberdeen & Havre de Grace Cities",-76.300659,39.4712,26141.262938,0.856514 
"21010","24","00602","MD","Edgewood, MD","Harford County (South & East)--Aberdeen & Havre de Grace Cities",-76.296758,39.401133,106.636256,1 
"21012","24","01203","MD","Arnold, MD","Anne Arundel County (Central)--Severna Park, Arnold & Lake Shore",-76.493791,39.047935,22533.797971,1 
"21013","24","00501","MD","Baldwin, MD","Baltimore County (Outer)",-76.492197,39.500317,3268.240419,0.681887 
"21013","24","00601","MD","Baldwin, MD","Harford County (North & West)--Bel Air Town, Fallston & Jarrettsville",-76.497005,39.538195,1524.69339,0.318113 
"21014","24","00601","MD","Bel Air North, MD","Harford County (North & West)--Bel Air Town, Fallston & Jarrettsville",-76.34945,39.538401,36960.741523,1 
"21015","24","00601","MD","Bel Air South, MD","Harford County (North & West)--Bel Air Town, Fallston & Jarrettsville",-76.309297,39.533835,24365.359137,0.855923 
"21015","24","00602","MD","Bel Air South, MD","Harford County (South & East)--Aberdeen & Havre de Grace Cities",-76.317448,39.50311,4101.39446,0.144077 
"21017","24","00602","MD","Riverside, MD","Harford County (South & East)--Aberdeen & Havre de Grace Cities",-76.245053,39.474711,7241.011919,1 
"21028","24","00601","MD","Churchville, MD","Harford County (North & West)--Bel Air Town, Fallston & Jarrettsville",-76.248308,39.567335,3547.706208,1 
"21029","24","00901","MD","Clarksville, MD","Howard County (West)--Columbia (West) & Ellicott City (Northwest)",-76.938061,39.201153,12523.125865,1 
"21030","24","00501","MD","Cockeysville, MD","Baltimore County (Outer)",-76.673278,39.490482,5268.824731,0.209567 
"21030","24","00503","MD","Cockeysville, MD","Baltimore County--Pikesville (South), Lochearn, Cockeysville & Mays Chapel",-76.621897,39.473514,19872.67729,0.790433 
"21031","24","00503","MD","Cockeysville, MD","Baltimore County--Pikesville (South), Lochearn, Cockeysville & Mays Chapel",-76.654274,39.48384,4.129173,1 
"21032","24","01201","MD","Herald Harbor, MD","Anne Arundel County (Northwest)--Severn, Odenton, Crofton, Maryland City & Fort Meade",-76.627504,39.025233,1960.885455,0.209652 
"21032","24","01204","MD","Herald Harbor, MD","Anne Arundel County (Southeast)--Annapolis City, Parole, Annapolis Neck & Edgewater",-76.58644,39.049712,7392.168186,0.790348 
"21034","24","00601","MD","Darlington, MD","Harford County (North & West)--Bel Air Town, Fallston & Jarrettsville",-76.229273,39.65303,3472.855759,1 
"21035","24","01204","MD","Davidsonville, MD","Anne Arundel County (Southeast)--Annapolis City, Parole, Annapolis Neck & Edgewater",-76.631158,38.937541,8261.088856,1 
"21036","24","00901","MD","Dayton, MD","Howard County (West)--Columbia (West) & Ellicott City (Northwest)",-77.001435,39.236477,2336.000007,1 
"21037","24","01204","MD","Edgewater, MD","Anne Arundel County (Southeast)--Annapolis City, Parole, Annapolis Neck & Edgewater",-76.540482,38.921795,21794.898277,1 
"21040","24","00602","MD","Edgewood, MD","Harford County (South & East)--Aberdeen & Havre de Grace Cities",-76.302512,39.428334,25039.013177,1 
"21042","24","00901","MD","Ellicott City, MD","Howard County (West)--Columbia (West) & Ellicott City (Northwest)",-76.864551,39.275816,42074.520466,1 
"21043","24","00507","MD","Ellicott City, MD","Baltimore County--Catonsville, Woodlawn & Arbutus",-76.784833,39.272835,925.967042,0.019863 
"21043","24","00901","MD","Ellicott City, MD","Howard County (West)--Columbia (West) & Ellicott City (Northwest)",-76.811041,39.306051,2084.056771,0.044706 
"21043","24","00902","MD","Ellicott City, MD","Howard County (East)--Columbia (East), Ellicott City (Southeast) & Elkridge",-76.801062,39.251368,43607.175154,0.935431 
"21044","24","00901","MD","Columbia, MD","Howard County (West)--Columbia (West) & Ellicott City (Northwest)",-76.880326,39.213237,46083.511963,1 
"21045","24","00902","MD","Columbia, MD","Howard County (East)--Columbia (East), Ellicott City (Southeast) & Elkridge",-76.828205,39.204929,42308.783475,1 
"21046","24","00902","MD","Columbia, MD","Howard County (East)--Columbia (East), Ellicott City (Southeast) & Elkridge",-76.850438,39.170268,16663.614052,1 
"21047","24","00601","MD","Fallston, MD","Harford County (North & West)--Bel Air Town, Fallston & Jarrettsville",-76.431362,39.526715,12173.964105,1 
"21048","24","00400","MD","Finksburg, MD","Carroll County",-76.91353,39.5033,10683.262532,1 
"21050","24","00601","MD","Bel Air North, MD","Harford County (North & West)--Bel Air Town, Fallston & Jarrettsville",-76.386053,39.573983,18663.395489,1 
"21051","24","00501","MD","Fork, MD","Baltimore County (Outer)",-76.451919,39.471468,288.009816,1 
"21052","24","00501","MD","Edgemere, MD","Baltimore County (Outer)",-76.445531,39.206465,312.784854,1 
"21053","24","00501","MD","Freeland, MD","Baltimore County (Outer)",-76.71368,39.689086,3411.72918,1 
"21054","24","01201","MD","Odenton, MD","Anne Arundel County (Northwest)--Severn, Odenton, Crofton, Maryland City & Fort Meade",-76.678503,39.0443,9486.24586,0.886146 
"21054","24","01204","MD","Odenton, MD","Anne Arundel County (Southeast)--Annapolis City, Parole, Annapolis Neck & Edgewater",-76.671792,38.980809,1218.814517,0.113854 
"21056","24","01203","MD","Gibson Island, MD (PO Boxes)","Anne Arundel County (Central)--Severna Park, Arnold & Lake Shore",-76.431734,39.077027,282.240656,1 
"21057","24","00501","MD","Glen Arm, MD","Baltimore County (Outer)",-76.513058,39.456557,4118.850054,0.970331 
"21057","24","00504","MD","Glen Arm, MD","Baltimore County--Towson (East & Central), Parkville & Carney",-76.518486,39.423223,125.939776,0.029669 
"21060","24","01202","MD","Glen Burnie, MD","Anne Arundel County (North)--Glen Burnie, Pasadena, Ferndale & Brooklyn Park",-76.593686,39.161381,30891.081208,1 
"21061","24","01201","MD","Glen Burnie, MD","Anne Arundel County (Northwest)--Severn, Odenton, Crofton, Maryland City & Fort Meade",-76.643646,39.139148,7354.113266,0.129592 
"21061","24","01202","MD","Glen Burnie, MD","Anne Arundel County (North)--Glen Burnie, Pasadena, Ferndale & Brooklyn Park",-76.628494,39.174237,33151.120616,0.584177 
"21061","24","01203","MD","Glen Burnie, MD","Anne Arundel County (Central)--Severna Park, Arnold & Lake Shore",-76.623479,39.131912,16243.1083,0.28623 
"21071","24","00502","MD","Glyndon, MD (PO Boxes)","Baltimore County--Randallstown (East), Owings Mills, Milford Mill & Reisterstown",-76.811985,39.476244,513.049744,1 
"21074","24","00400","MD","Hampstead, MD","Carroll County",-76.854621,39.610529,13762.850886,0.907187 
"21074","24","00501","MD","Hampstead, MD","Baltimore County (Outer)",-76.80196,39.632513,1408.047988,0.092812 
"21075","24","00902","MD","Elkridge, MD","Howard County (East)--Columbia (East), Ellicott City (Southeast) & Elkridge",-76.758352,39.199462,29110.493937,1 
"21076","24","00902","MD","Severn, MD","Howard County (East)--Columbia (East), Ellicott City (Southeast) & Elkridge",-76.720805,39.199486,1813.328293,0.131687 
"21076","24","01201","MD","Severn, MD","Anne Arundel County (Northwest)--Severn, Odenton, Crofton, Maryland City & Fort Meade",-76.721463,39.151911,11956.644408,0.868313 
"21077","24","01201","MD","Severn, MD","Anne Arundel County (Northwest)--Severn, Odenton, Crofton, Maryland City & Fort Meade",-76.701573,39.155958,236.786168,1 
"21078","24","00601","MD","Havre de Grace, MD","Harford County (North & West)--Bel Air Town, Fallston & Jarrettsville",-76.171318,39.584788,2526.458987,0.139976 
"21078","24","00602","MD","Havre de Grace, MD","Harford County (South & East)--Aberdeen & Havre de Grace Cities",-76.112054,39.546859,15522.752681,0.860023 
"21082","24","00501","MD","Hydes, MD","Baltimore County (Outer)",-76.475216,39.47822,624.537414,0.925543 
"21082","24","00601","MD","Hydes, MD","Harford County (North & West)--Bel Air Town, Fallston & Jarrettsville",-76.415646,39.481373,50.242082,0.074457 
"21084","24","00601","MD","Jarrettsville, MD","Harford County (North & West)--Bel Air Town, Fallston & Jarrettsville",-76.468431,39.611202,7845.967601,1 
"21085","24","00501","MD","Joppatowne, MD","Baltimore County (Outer)",-76.38127,39.416661,22.710451,0.00137 
"21085","24","00601","MD","Joppatowne, MD","Harford County (North & West)--Bel Air Town, Fallston & Jarrettsville",-76.360908,39.469676,3117.059789,0.187989 
"21085","24","00602","MD","Joppatowne, MD","Harford County (South & East)--Aberdeen & Havre de Grace Cities",-76.354652,39.416784,13441.294993,0.810641 
"21087","24","00501","MD","Kingsville, MD","Baltimore County (Outer)",-76.417535,39.447641,4787.776078,0.851707 
"21087","24","00601","MD","Kingsville, MD","Harford County (North & West)--Bel Air Town, Fallston & Jarrettsville",-76.390648,39.474741,833.608424,0.148292 
"21090","24","01201","MD","Linthicum, MD","Anne Arundel County (Northwest)--Severn, Odenton, Crofton, Maryland City & Fort Meade",-76.666122,39.204332,3821.348204,0.369481 
"21090","24","01202","MD","Linthicum, MD","Anne Arundel County (North)--Glen Burnie, Pasadena, Ferndale & Brooklyn Park",-76.650816,39.210862,6521.133353,0.630519 
"21093","24","00501","MD","Mays Chapel, MD","Baltimore County (Outer)",-76.671573,39.451415,6129.757298,0.162841 
"21093","24","00503","MD","Mays Chapel, MD","Baltimore County--Pikesville (South), Lochearn, Cockeysville & Mays Chapel",-76.627745,39.437933,31512.815938,0.837159 
"21102","24","00400","MD","Manchester, MD","Carroll County",-76.878155,39.678031,10791.599842,0.913252 
"21102","24","00501","MD","Manchester, MD","Baltimore County (Outer)",-76.773641,39.677566,1025.067194,0.086748 
"21104","24","00400","MD","Eldersburg, MD","Carroll County",-76.922998,39.37681,2532.886187,0.525933 
"21104","24","00501","MD","Eldersburg, MD","Baltimore County (Outer)",-76.875054,39.379725,154.843987,0.032152 
"21104","24","00901","MD","Eldersburg, MD","Howard County (West)--Columbia (West) & Ellicott City (Northwest)",-76.917392,39.327762,2128.257338,0.441915 
"21105","24","00501","MD","Maryland Line, MD (PO Boxes)","Baltimore County (Outer)",-76.6514,39.714024,67.099061,1 
"21108","24","01201","MD","Severna Park, MD","Anne Arundel County (Northwest)--Severn, Odenton, Crofton, Maryland City & Fort Meade",-76.642179,39.078577,2820.292395,0.148519 
"21108","24","01203","MD","Severna Park, MD","Anne Arundel County (Central)--Severna Park, Arnold & Lake Shore",-76.612039,39.109835,15749.451422,0.829381 
"21108","24","01204","MD","Severna Park, MD","Anne Arundel County (Southeast)--Annapolis City, Parole, Annapolis Neck & Edgewater",-76.620208,39.068931,419.6612,0.0221 
"21111","24","00501","MD","Monkton, MD","Baltimore County (Outer)",-76.612646,39.575995,4095.107309,0.810137 
"21111","24","00601","MD","Monkton, MD","Harford County (North & West)--Bel Air Town, Fallston & Jarrettsville",-76.531884,39.592196,959.726304,0.189863 
"21113","24","01201","MD","Odenton, MD","Anne Arundel County (Northwest)--Severn, Odenton, Crofton, Maryland City & Fort Meade",-76.709046,39.076688,32208.204268,1 
"21114","24","01201","MD","Crofton, MD","Anne Arundel County (Northwest)--Severn, Odenton, Crofton, Maryland City & Fort Meade",-76.680765,39.01356,26664.87094,1 
"21117","24","00501","MD","Owings Mills, MD","Baltimore County (Outer)",-76.751125,39.433841,10930.953188,0.196902 
"21117","24","00502","MD","Owings Mills, MD","Baltimore County--Randallstown (East), Owings Mills, Milford Mill & Reisterstown",-76.795107,39.416262,44583.713026,0.803098 
"21120","24","00501","MD","Parkton, MD","Baltimore County (Outer)",-76.677121,39.645817,7191.987049,1 
"21122","24","01202","MD","Pasadena, MD","Anne Arundel County (North)--Glen Burnie, Pasadena, Ferndale & Brooklyn Park",-76.535226,39.145757,25775.865728,0.402535 
"21122","24","01203","MD","Pasadena, MD","Anne Arundel County (Central)--Severna Park, Arnold & Lake Shore",-76.507925,39.118317,38257.879447,0.597464 
"21128","24","00501","MD","Perry Hall, MD","Baltimore County (Outer)",-76.432319,39.390004,622.472828,0.047102 
"21128","24","00505","MD","Perry Hall, MD","Baltimore County--Perry Hall, Middle River & Rosedale",-76.445604,39.403876,12592.945315,0.952898 
"21130","24","00602","MD","Perryman, MD","Harford County (South & East)--Aberdeen & Havre de Grace Cities",-76.196866,39.474077,191.740191,1 
"21131","24","00501","MD","Phoenix, MD","Baltimore County (Outer)",-76.567559,39.508003,7472.770812,0.99807 
"21131","24","00503","MD","Phoenix, MD","Baltimore County--Pikesville (South), Lochearn, Cockeysville & Mays Chapel",-76.614463,39.496906,14.452105,0.00193 
"21132","24","00601","MD","Pylesville, MD","Harford County (North & West)--Bel Air Town, Fallston & Jarrettsville",-76.423575,39.695874,2700.768252,1 
"21133","24","00501","MD","Randallstown, MD","Baltimore County (Outer)",-76.814801,39.369565,9912.079754,0.320088 
"21133","24","00502","MD","Randallstown, MD","Baltimore County--Randallstown (East), Owings Mills, Milford Mill & Reisterstown",-76.79312,39.377234,21054.653057,0.679912 
"21136","24","00400","MD","Reisterstown, MD","Carroll County",-76.872348,39.513473,990.08264,0.028415 
"21136","24","00501","MD","Reisterstown, MD","Baltimore County (Outer)",-76.796066,39.479671,7504.771903,0.215387 
"21136","24","00502","MD","Reisterstown, MD","Baltimore County--Randallstown (East), Owings Mills, Milford Mill & Reisterstown",-76.813535,39.455627,26348.252826,0.756197 
"21140","24","01204","MD","Riva, MD","Anne Arundel County (Southeast)--Annapolis City, Parole, Annapolis Neck & Edgewater",-76.585196,38.949459,3654.329389,1 
"21144","24","01201","MD","Severn, MD","Anne Arundel County (Northwest)--Severn, Odenton, Crofton, Maryland City & Fort Meade",-76.693759,39.124869,33703.974035,1 
"21146","24","01203","MD","Severna Park, MD","Anne Arundel County (Central)--Severna Park, Arnold & Lake Shore",-76.557265,39.081187,28229.350979,1 
"21152","24","00501","MD","Sparks Glencoe, MD","Baltimore County (Outer)",-76.659486,39.535008,5723.033759,1 
"21153","24","00501","MD","Pikesville, MD","Baltimore County (Outer)",-76.709715,39.411164,333.430719,1 
"21154","24","00601","MD","Street, MD","Harford County (North & West)--Bel Air Town, Fallston & Jarrettsville",-76.347872,39.652708,6627.853447,1 
"21155","24","00400","MD","Upperco, MD","Carroll County",-76.858411,39.550312,326.015054,0.133718 
"21155","24","00501","MD","Upperco, MD","Baltimore County (Outer)",-76.807692,39.567715,2112.071983,0.866282 
"21156","24","00501","MD","Upper Falls, MD","Baltimore County (Outer)",-76.397445,39.438792,369.560982,1 
"21157","24","00400","MD","Westminster, MD","Carroll County",-76.986374,39.553497,37035.31011,1 
"21158","24","00400","MD","Westminster, MD","Carroll County",-77.029354,39.615388,20297.195687,1 
"21160","24","00601","MD","Whiteford, MD","Harford County (North & West)--Bel Air Town, Fallston & Jarrettsville",-76.322931,39.706916,2469.039465,1 
"21161","24","00501","MD","White Hall, MD","Baltimore County (Outer)",-76.604534,39.650544,2817.12827,0.498773 
"21161","24","00601","MD","White Hall, MD","Harford County (North & West)--Bel Air Town, Fallston & Jarrettsville",-76.533723,39.672368,2830.987526,0.501226 
"21162","24","00501","MD","White Marsh, MD","Baltimore County (Outer)",-76.412324,39.397471,3055.58801,0.809849 
"21162","24","00505","MD","White Marsh, MD","Baltimore County--Perry Hall, Middle River & Rosedale",-76.418756,39.388496,717.443806,0.19015 
"21163","24","00501","MD","Ellicott City, MD","Baltimore County (Outer)",-76.845642,39.349046,2677.768682,0.353492 
"21163","24","00901","MD","Ellicott City, MD","Howard County (West)--Columbia (West) & Ellicott City (Northwest)",-76.884937,39.312091,4897.42291,0.646508 
"21201","24","00802","MD","Baltimore, MD","Baltimore City--Guilford, Roland Park & Druid Lake",-76.626605,39.299966,3874.309169,0.230615 
"21201","24","00804","MD","Baltimore, MD","Baltimore City--Inner Harbor, Canton & Bayview",-76.619217,39.29388,10201.489601,0.607235 
"21201","24","00805","MD","Baltimore, MD","Baltimore City--Irvington, Ten Hills & Cherry Hill",-76.630326,39.290091,2724.092701,0.162149 
"21202","24","00802","MD","Baltimore, MD","Baltimore City--Guilford, Roland Park & Druid Lake",-76.607874,39.311973,86.117756,0.00381 
"21202","24","00804","MD","Baltimore, MD","Baltimore City--Inner Harbor, Canton & Bayview",-76.60809,39.29914,22514.349017,0.996189 
"21204","24","00503","MD","Towson, MD","Baltimore County--Pikesville (South), Lochearn, Cockeysville & Mays Chapel",-76.644106,39.407393,6028.59256,0.288352 
"21204","24","00504","MD","Towson, MD","Baltimore County--Towson (East & Central), Parkville & Carney",-76.61485,39.403306,14878.442563,0.711648 
"21205","24","00804","MD","Baltimore, MD","Baltimore City--Inner Harbor, Canton & Bayview",-76.576109,39.301061,15982.267717,1 
"21206","24","00504","MD","Baltimore, MD","Baltimore County--Towson (East & Central), Parkville & Carney",-76.527814,39.360354,563.632113,0.011101 
"21206","24","00505","MD","Baltimore, MD","Baltimore County--Perry Hall, Middle River & Rosedale",-76.523064,39.343768,10236.219833,0.201602 
"21206","24","00803","MD","Baltimore, MD","Baltimore City--Frankford, Belair-Edison & Loch Raven",-76.547,39.337709,33031.603724,0.650557 
"21206","24","00804","MD","Baltimore, MD","Baltimore City--Inner Harbor, Canton & Bayview",-76.539952,39.322611,6942.872895,0.13674 
"21207","24","00503","MD","Lochearn, MD","Baltimore County--Pikesville (South), Lochearn, Cockeysville & Mays Chapel",-76.727638,39.334325,24501.480208,0.499175 
"21207","24","00507","MD","Lochearn, MD","Baltimore County--Catonsville, Woodlawn & Arbutus",-76.725436,39.299455,10505.64837,0.214034 
"21207","24","00801","MD","Lochearn, MD","Baltimore City--Sandtown-Winchester, Ashburton & Mount Washington",-76.699554,39.325581,14076.788629,0.28679 
"21208","24","00501","MD","Pikesville, MD","Baltimore County (Outer)",-76.721035,39.39653,5997.623763,0.17171 
"21208","24","00502","MD","Pikesville, MD","Baltimore County--Randallstown (East), Owings Mills, Milford Mill & Reisterstown",-76.756668,39.374371,10691.461155,0.306092 
"21208","24","00503","MD","Pikesville, MD","Baltimore County--Pikesville (South), Lochearn, Cockeysville & Mays Chapel",-76.723694,39.371457,16293.716604,0.466483 
"21208","24","00801","MD","Pikesville, MD","Baltimore City--Sandtown-Winchester, Ashburton & Mount Washington",-76.706762,39.369096,1946.063318,0.055715 
"21209","24","00503","MD","Pikesville, MD","Baltimore County--Pikesville (South), Lochearn, Cockeysville & Mays Chapel",-76.675918,39.380396,14715.34023,0.549048 
"21209","24","00801","MD","Pikesville, MD","Baltimore City--Sandtown-Winchester, Ashburton & Mount Washington",-76.676054,39.36522,12006.992903,0.447997 
"21209","24","00802","MD","Pikesville, MD","Baltimore City--Guilford, Roland Park & Druid Lake",-76.643183,39.346801,79.188741,0.002955 
"21210","24","00503","MD","Baltimore, MD","Baltimore County--Pikesville (South), Lochearn, Cockeysville & Mays Chapel",-76.638287,39.374616,970.355652,0.068398 
"21210","24","00802","MD","Baltimore, MD","Baltimore City--Guilford, Roland Park & Druid Lake",-76.630634,39.349727,13216.600927,0.931602 
"21211","24","00801","MD","Baltimore, MD","Baltimore City--Sandtown-Winchester, Ashburton & Mount Washington",-76.650498,39.333372,1760.959635,0.10253 
"21211","24","00802","MD","Baltimore, MD","Baltimore City--Guilford, Roland Park & Druid Lake",-76.632672,39.332379,15414.088498,0.89747 
"21212","24","00503","MD","Baltimore, MD","Baltimore County--Pikesville (South), Lochearn, Cockeysville & Mays Chapel",-76.631763,39.385414,616.279068,0.018987 
"21212","24","00504","MD","Baltimore, MD","Baltimore County--Towson (East & Central), Parkville & Carney",-76.611758,39.378212,10672.879876,0.328818 
"21212","24","00802","MD","Baltimore, MD","Baltimore City--Guilford, Roland Park & Druid Lake",-76.608293,39.357318,21169.130274,0.652194 
"21213","24","00803","MD","Baltimore, MD","Baltimore City--Frankford, Belair-Edison & Loch Raven",-76.571378,39.319815,18889.484383,0.582989 
"21213","24","00804","MD","Baltimore, MD","Baltimore City--Inner Harbor, Canton & Bayview",-76.586008,39.308064,13511.578988,0.41701 
"21214","24","00803","MD","Baltimore, MD","Baltimore City--Frankford, Belair-Edison & Loch Raven",-76.563952,39.352162,20355.465957,1 
"21215","24","00503","MD","Baltimore, MD","Baltimore County--Pikesville (South), Lochearn, Cockeysville & Mays Chapel",-76.713743,39.35684,1802.384009,0.030229 
"21215","24","00801","MD","Baltimore, MD","Baltimore City--Sandtown-Winchester, Ashburton & Mount Washington",-76.679897,39.34533,57822.629054,0.969771 
"21216","24","00801","MD","Baltimore, MD","Baltimore City--Sandtown-Winchester, Ashburton & Mount Washington",-76.66931,39.309412,31745.776537,1 
"21217","24","00801","MD","Baltimore, MD","Baltimore City--Sandtown-Winchester, Ashburton & Mount Washington",-76.644516,39.304008,15876.352776,0.43219 
"21217","24","00802","MD","Baltimore, MD","Baltimore City--Guilford, Roland Park & Druid Lake",-76.633572,39.309542,20858.314464,0.56781 
"21218","24","00802","MD","Baltimore, MD","Baltimore City--Guilford, Roland Park & Druid Lake",-76.610303,39.327039,35421.123993,0.718612 
"21218","24","00803","MD","Baltimore, MD","Baltimore City--Frankford, Belair-Edison & Loch Raven",-76.592115,39.331851,13869.908043,0.281388 
"21219","24","00501","MD","Edgemere, MD","Baltimore County (Outer)",-76.426892,39.226037,2211.172134,0.228382 
"21219","24","00506","MD","Edgemere, MD","Baltimore County--Dundalk, Essex & Edgemere",-76.449873,39.235656,7470.706225,0.771617 
"21220","24","00501","MD","Middle River, MD","Baltimore County (Outer)",-76.379331,39.344315,15945.83378,0.394066 
"21220","24","00505","MD","Middle River, MD","Baltimore County--Perry Hall, Middle River & Rosedale",-76.442226,39.341977,20069.8453,0.495982 
"21220","24","00506","MD","Middle River, MD","Baltimore County--Dundalk, Essex & Edgemere",-76.435057,39.322701,4449.183893,0.109952 
"21221","24","00501","MD","Essex, MD","Baltimore County (Outer)",-76.417327,39.275155,1715.671376,0.039427 
"21221","24","00505","MD","Essex, MD","Baltimore County--Perry Hall, Middle River & Rosedale",-76.466962,39.333059,2016.068711,0.04633 
"21221","24","00506","MD","Essex, MD","Baltimore County--Dundalk, Essex & Edgemere",-76.453191,39.307475,39783.54943,0.914243 
"21222","24","00506","MD","Dundalk, MD","Baltimore County--Dundalk, Essex & Edgemere",-76.501795,39.264661,55675.703961,0.968122 
"21222","24","00804","MD","Dundalk, MD","Baltimore City--Inner Harbor, Canton & Bayview",-76.531413,39.272814,1833.219362,0.031877 
"21223","24","00801","MD","Baltimore, MD","Baltimore City--Sandtown-Winchester, Ashburton & Mount Washington",-76.649244,39.294617,3080.442037,0.118031 
"21223","24","00805","MD","Baltimore, MD","Baltimore City--Irvington, Ten Hills & Cherry Hill",-76.64801,39.285588,23018.187384,0.881969 
"21224","24","00506","MD","Baltimore, MD","Baltimore County--Dundalk, Essex & Edgemere",-76.518007,39.291998,8929.336583,0.182221 
"21224","24","00804","MD","Baltimore, MD","Baltimore City--Inner Harbor, Canton & Bayview",-76.565453,39.286865,40073.462546,0.817779 
"21225","24","00805","MD","Baltimore, MD","Baltimore City--Irvington, Ten Hills & Cherry Hill",-76.611647,39.239713,18950.855658,0.554559 
"21225","24","01202","MD","Baltimore, MD","Anne Arundel County (North)--Glen Burnie, Pasadena, Ferndale & Brooklyn Park",-76.616332,39.221663,15221.96795,0.445441 
"21226","24","00805","MD","Riviera Beach, MD","Baltimore City--Irvington, Ten Hills & Cherry Hill",-76.589132,39.226508,3254.657268,0.41879 
"21226","24","01202","MD","Riviera Beach, MD","Anne Arundel County (North)--Glen Burnie, Pasadena, Ferndale & Brooklyn Park",-76.532484,39.170884,4516.907573,0.581209 
"21227","24","00507","MD","Arbutus, MD","Baltimore County--Catonsville, Woodlawn & Arbutus",-76.674218,39.24276,33740.504764,0.975698 
"21227","24","00805","MD","Arbutus, MD","Baltimore City--Irvington, Ten Hills & Cherry Hill",-76.669906,39.267072,840.390517,0.024302 
"21228","24","00507","MD","Catonsville, MD","Baltimore County--Catonsville, Woodlawn & Arbutus",-76.740434,39.27808,48838.825789,0.994637 
"21228","24","00805","MD","Catonsville, MD","Baltimore City--Irvington, Ten Hills & Cherry Hill",-76.710338,39.27909,263.302565,0.005362 
"21229","24","00507","MD","Baltimore, MD","Baltimore County--Catonsville, Woodlawn & Arbutus",-76.703553,39.277348,7227.085019,0.160418 
"21229","24","00805","MD","Baltimore, MD","Baltimore City--Irvington, Ten Hills & Cherry Hill",-76.687897,39.286275,37824.502292,0.839582 
"21230","24","00804","MD","Baltimore, MD","Baltimore City--Inner Harbor, Canton & Bayview",-76.617524,39.281691,2687.467909,0.080881 
"21230","24","00805","MD","Baltimore, MD","Baltimore City--Irvington, Ten Hills & Cherry Hill",-76.625291,39.269421,30540.12795,0.919119 
"21231","24","00804","MD","Baltimore, MD","Baltimore City--Inner Harbor, Canton & Bayview",-76.590969,39.288467,15588.303729,1 
"21234","24","00504","MD","Parkville, MD","Baltimore County--Towson (East & Central), Parkville & Carney",-76.540025,39.390425,58616.70742,0.818272 
"21234","24","00505","MD","Parkville, MD","Baltimore County--Perry Hall, Middle River & Rosedale",-76.49074,39.401863,4392.407764,0.061317 
"21234","24","00803","MD","Parkville, MD","Baltimore City--Frankford, Belair-Edison & Loch Raven",-76.552796,39.367901,8625.633648,0.120411 
"21236","24","00504","MD","Perry Hall, MD","Baltimore County--Towson (East & Central), Parkville & Carney",-76.511242,39.379487,7184.760996,0.180939 
"21236","24","00505","MD","Perry Hall, MD","Baltimore County--Perry Hall, Middle River & Rosedale",-76.482072,39.39429,32332.456776,0.81425 
"21236","24","00803","MD","Perry Hall, MD","Baltimore City--Frankford, Belair-Edison & Loch Raven",-76.532083,39.365536,191.042838,0.004811 
"21237","24","00505","MD","Rosedale, MD","Baltimore County--Perry Hall, Middle River & Rosedale",-76.492878,39.343465,30981.184916,0.9985 
"21237","24","00804","MD","Rosedale, MD","Baltimore City--Inner Harbor, Canton & Bayview",-76.533214,39.31395,46.523386,0.001499 
"21239","24","00504","MD","Baltimore, MD","Baltimore County--Towson (East & Central), Parkville & Carney",-76.586743,39.380133,5169.724579,0.180045 
"21239","24","00802","MD","Baltimore, MD","Baltimore City--Guilford, Roland Park & Druid Lake",-76.597166,39.354566,187.083401,0.006516 
"21239","24","00803","MD","Baltimore, MD","Baltimore City--Frankford, Belair-Edison & Loch Raven",-76.588791,39.358938,23356.719253,0.813439 
"21244","24","00501","MD","Milford Mill, MD","Baltimore County (Outer)",-76.806373,39.330816,875.384673,0.024501 
"21244","24","00502","MD","Milford Mill, MD","Baltimore County--Randallstown (East), Owings Mills, Milford Mill & Reisterstown",-76.763593,39.344584,24810.135888,0.694403 
"21244","24","00507","MD","Milford Mill, MD","Baltimore County--Catonsville, Woodlawn & Arbutus",-76.766553,39.312088,10043.180996,0.281096 
"21250","24","00507","MD","Catonsville, MD","Baltimore County--Catonsville, Woodlawn & Arbutus",-76.709144,39.256807,3308.499855,1 
"21251","24","00803","MD","Baltimore, MD","Baltimore City--Frankford, Belair-Edison & Loch Raven",-76.584073,39.344568,924.528555,1 
"21252","24","00504","MD","Towson, MD","Baltimore County--Towson (East & Central), Parkville & Carney",-76.607887,39.393901,2964.746204,1 
"21286","24","00504","MD","Towson, MD","Baltimore County--Towson (East & Central), Parkville & Carney",-76.584109,39.402103,19826.224094,1 
"21401","24","01204","MD","Annapolis, MD","Anne Arundel County (Southeast)--Annapolis City, Parole, Annapolis Neck & Edgewater",-76.533695,38.982355,38067.604848,1 
"21402","24","01203","MD","Naval Academy, MD","Anne Arundel County (Central)--Severna Park, Arnold & Lake Shore",-76.465191,38.989925,346.722603,0.062871 
"21402","24","01204","MD","Naval Academy, MD","Anne Arundel County (Southeast)--Annapolis City, Parole, Annapolis Neck & Edgewater",-76.486057,38.983296,5168.069535,0.937129 
"21403","24","01204","MD","Annapolis, MD","Anne Arundel County (Southeast)--Annapolis City, Parole, Annapolis Neck & Edgewater",-76.490573,38.952065,31996.788047,1 
"21405","24","01204","MD","Annapolis, MD","Anne Arundel County (Southeast)--Annapolis City, Parole, Annapolis Neck & Edgewater",-76.550338,39.028006,575.052123,1 
"21409","24","01203","MD","Annapolis, MD","Anne Arundel County (Central)--Severna Park, Arnold & Lake Shore",-76.45233,39.029518,21209.275343,1 
"21502","24","00100","MD","Cumberland, MD","Allegany & Garrett Counties--Cumberland City",-78.780002,39.638573,42651.484278,1 
"21520","24","00100","MD","Accident, MD","Allegany & Garrett Counties--Cumberland City",-79.310746,39.622413,2027.692129,1 
"21521","24","00100","MD","Barton, MD","Allegany & Garrett Counties--Cumberland City",-79.017548,39.534736,1216.427936,1 
"21522","24","00100","MD","Bittinger, MD","Allegany & Garrett Counties--Cumberland City",-79.230651,39.609174,137.851779,1 
"21523","24","00100","MD","Bloomington, MD","Allegany & Garrett Counties--Cumberland City",-79.074079,39.478317,279.614247,1 
"21524","24","00100","MD","Corriganville, MD","Allegany & Garrett Counties--Cumberland City",-78.798436,39.698168,601.347504,1 
"21529","24","00100","MD","Ellerslie, MD","Allegany & Garrett Counties--Cumberland City",-78.775812,39.717164,606.150599,1 
"21530","24","00100","MD","Flintstone, MD","Allegany & Garrett Counties--Cumberland City",-78.554743,39.694992,1528.344853,1 
"21531","24","00100","MD","Friendsville, MD","Allegany & Garrett Counties--Cumberland City",-79.419335,39.655316,2177.275974,1 
"21532","24","00100","MD","Frostburg, MD","Allegany & Garrett Counties--Cumberland City",-78.931778,39.652464,15030.806902,1 
"21536","24","00100","MD","Grantsville, MD","Allegany & Garrett Counties--Cumberland City",-79.163433,39.680955,4028.987108,1 
"21538","24","00100","MD","Kitzmiller, MD","Allegany & Garrett Counties--Cumberland City",-79.19926,39.396479,700.01329,1 
"21539","24","00100","MD","Lonaconing, MD","Allegany & Garrett Counties--Cumberland City",-78.992804,39.58121,2717.159614,1 
"21540","24","00100","MD","Luke, MD","Allegany & Garrett Counties--Cumberland City",-79.058238,39.475759,62.440236,1 
"21541","24","00100","MD","Mc Henry, MD","Allegany & Garrett Counties--Cumberland City",-79.352383,39.557609,1511.481211,1 
"21542","24","00100","MD","Midland, MD","Allegany & Garrett Counties--Cumberland City",-78.949084,39.589927,463.978984,1 
"21543","24","00100","MD","Midlothian, MD","Allegany & Garrett Counties--Cumberland City",-78.954388,39.637225,134.486662,1 
"21545","24","00100","MD","Mount Savage, MD","Allegany & Garrett Counties--Cumberland City",-78.871403,39.699532,1863.60089,1 
"21550","24","00100","MD","Oakland, MD","Allegany & Garrett Counties--Cumberland City",-79.389098,39.405646,13877.079111,1 
"21555","24","00100","MD","Oldtown, MD","Allegany & Garrett Counties--Cumberland City",-78.611177,39.576559,1859.758414,1 
"21557","24","00100","MD","Rawlings, MD","Allegany & Garrett Counties--Cumberland City",-78.915282,39.510818,1820.373034,1 
"21561","24","00100","MD","Swanton, MD","Allegany & Garrett Counties--Cumberland City",-79.222071,39.486316,2568.344852,1 
"21562","24","00100","MD","Westernport, MD","Allegany & Garrett Counties--Cumberland City",-79.035518,39.485449,3017.867082,1 
"21601","24","01300","MD","Easton, MD","Queen Annes, Talbot, Caroline, Dorchester & Kent Counties",-76.07068,38.773269,23282.22344,1 
"21607","24","01300","MD","Barclay, MD","Queen Annes, Talbot, Caroline, Dorchester & Kent Counties",-75.85366,39.13894,596.794991,1 
"21610","24","01300","MD","Betterton, MD","Queen Annes, Talbot, Caroline, Dorchester & Kent Counties",-76.064522,39.367266,369.259791,1 
"21612","24","01300","MD","Bozman, MD","Queen Annes, Talbot, Caroline, Dorchester & Kent Counties",-76.273966,38.760619,485.436875,1 
"21613","24","01300","MD","Cambridge, MD","Queen Annes, Talbot, Caroline, Dorchester & Kent Counties",-76.087712,38.562866,17138.731375,1 
"21617","24","01300","MD","Centreville, MD","Queen Annes, Talbot, Caroline, Dorchester & Kent Counties",-76.047741,39.048962,10141.420206,1 
"21619","24","01300","MD","Chester, MD","Queen Annes, Talbot, Caroline, Dorchester & Kent Counties",-76.284185,38.961837,5986.375832,1 
"21620","24","01300","MD","Chestertown, MD","Queen Annes, Talbot, Caroline, Dorchester & Kent Counties",-76.075895,39.216819,12707.952395,1 
"21622","24","01300","MD","Church Creek, MD","Queen Annes, Talbot, Caroline, Dorchester & Kent Counties",-76.176518,38.421593,551.841437,1 
"21623","24","01300","MD","Church Hill, MD","Queen Annes, Talbot, Caroline, Dorchester & Kent Counties",-75.968736,39.126855,2160.950646,1 
"21624","24","01300","MD","Claiborne, MD","Queen Annes, Talbot, Caroline, Dorchester & Kent Counties",-76.271887,38.839516,141.092425,1 
"21625","24","01300","MD","Cordova, MD","Queen Annes, Talbot, Caroline, Dorchester & Kent Counties",-76.005649,38.875461,2682.729395,1 
"21626","24","01300","MD","Crapo, MD","Queen Annes, Talbot, Caroline, Dorchester & Kent Counties",-76.105652,38.335031,118.675578,1 
"21627","24","01300","MD","Crocheron, MD","Queen Annes, Talbot, Caroline, Dorchester & Kent Counties",-76.050974,38.234395,17.801337,1 
"21628","24","01300","MD","Crumpton, MD (PO Boxes)","Queen Annes, Talbot, Caroline, Dorchester & Kent Counties",-75.922442,39.236018,569.156115,1 
"21629","24","01300","MD","Denton, MD","Queen Annes, Talbot, Caroline, Dorchester & Kent Counties",-75.830037,38.873949,9492.583016,1 
"21631","24","01300","MD","East New Market, MD","Queen Annes, Talbot, Caroline, Dorchester & Kent Counties",-75.953217,38.587148,2700.85836,1 
"21632","24","01300","MD","Federalsburg, MD","Queen Annes, Talbot, Caroline, Dorchester & Kent Counties",-75.772994,38.704551,6308.328587,1 
"21634","24","01300","MD","Fishing Creek, MD","Queen Annes, Talbot, Caroline, Dorchester & Kent Counties",-76.214377,38.311595,301.633761,1 
"21635","24","01300","MD","Galena, MD","Queen Annes, Talbot, Caroline, Dorchester & Kent Counties",-75.855363,39.347836,2049.489528,1 
"21636","24","01300","MD","Goldsboro, MD","Queen Annes, Talbot, Caroline, Dorchester & Kent Counties",-75.795781,39.026316,1178.252586,1 
"21638","24","01300","MD","Grasonville, MD","Queen Annes, Talbot, Caroline, Dorchester & Kent Counties",-76.201148,38.949776,5050.748692,1 
"21639","24","01300","MD","Greensboro, MD","Queen Annes, Talbot, Caroline, Dorchester & Kent Counties",-75.804226,38.968017,4379.205226,1 
"21640","24","01300","MD","Henderson, MD","Queen Annes, Talbot, Caroline, Dorchester & Kent Counties",-75.805582,39.066395,1624.117031,1 
"21641","24","01300","MD","Hillsboro, MD","Queen Annes, Talbot, Caroline, Dorchester & Kent Counties",-75.94111,38.917151,116.23571,1 
"21643","24","01300","MD","Hurlock, MD","Queen Annes, Talbot, Caroline, Dorchester & Kent Counties",-75.87104,38.644935,5913.010669,1 
"21644","24","01300","MD","Ingleside, MD","Queen Annes, Talbot, Caroline, Dorchester & Kent Counties",-75.874174,39.105511,113.626491,1 
"21645","24","01300","MD","Kennedyville, MD","Queen Annes, Talbot, Caroline, Dorchester & Kent Counties",-75.962368,39.318042,1014.975987,1 
"21647","24","01300","MD","Mcdaniel, MD","Queen Annes, Talbot, Caroline, Dorchester & Kent Counties",-76.280739,38.814392,285.144831,1 
"21648","24","01300","MD","Madison, MD","Queen Annes, Talbot, Caroline, Dorchester & Kent Counties",-76.230842,38.505142,252.185603,1 
"21649","24","01300","MD","Marydel, MD","Queen Annes, Talbot, Caroline, Dorchester & Kent Counties",-75.764785,39.115444,1855.494855,1 
"21650","24","01300","MD","Massey, MD","Queen Annes, Talbot, Caroline, Dorchester & Kent Counties",-75.823444,39.310801,232.496905,1 
"21651","24","01300","MD","Millington, MD","Queen Annes, Talbot, Caroline, Dorchester & Kent Counties",-75.8613,39.252812,2892.700255,1 
"21652","24","01300","MD","Neavitt, MD (PO Boxes)","Queen Annes, Talbot, Caroline, Dorchester & Kent Counties",-76.283322,38.723268,180.558838,1 
"21653","24","01300","MD","Newcomb, MD (PO Boxes)","Queen Annes, Talbot, Caroline, Dorchester & Kent Counties",-76.179141,38.750943,112.479276,1 
"21654","24","01300","MD","Oxford, MD","Queen Annes, Talbot, Caroline, Dorchester & Kent Counties",-76.149856,38.685868,1219.512149,1 
"21655","24","01300","MD","Preston, MD","Queen Annes, Talbot, Caroline, Dorchester & Kent Counties",-75.917915,38.746295,4976.27926,1 
"21657","24","01300","MD","Queen Anne, MD","Queen Annes, Talbot, Caroline, Dorchester & Kent Counties",-75.976146,38.956296,792.203283,1 
"21658","24","01300","MD","Queenstown, MD","Queen Annes, Talbot, Caroline, Dorchester & Kent Counties",-76.14936,38.950367,3953.382945,1 
"21659","24","01300","MD","Rhodesdale, MD","Queen Annes, Talbot, Caroline, Dorchester & Kent Counties",-75.762236,38.587381,1533.881844,1 
"21660","24","01300","MD","Ridgely, MD","Queen Annes, Talbot, Caroline, Dorchester & Kent Counties",-75.882978,38.95355,4036.4589,1 
"21661","24","01300","MD","Rock Hall, MD","Queen Annes, Talbot, Caroline, Dorchester & Kent Counties",-76.228259,39.135168,2591.656682,1 
"21662","24","01300","MD","Royal Oak, MD","Queen Annes, Talbot, Caroline, Dorchester & Kent Counties",-76.194534,38.717216,547.596475,1 
"21663","24","01300","MD","Saint Michaels, MD","Queen Annes, Talbot, Caroline, Dorchester & Kent Counties",-76.223659,38.784174,3263.87232,1 
"21664","24","01300","MD","Secretary, MD","Queen Annes, Talbot, Caroline, Dorchester & Kent Counties",-75.947844,38.607705,533.051137,1 
"21665","24","01300","MD","Sherwood, MD","Queen Annes, Talbot, Caroline, Dorchester & Kent Counties",-76.323162,38.749022,283.17151,1 
"21666","24","01300","MD","Stevensville, MD","Queen Annes, Talbot, Caroline, Dorchester & Kent Counties",-76.330634,38.949547,12600.256517,1 
"21667","24","01300","MD","Still Pond, MD","Queen Annes, Talbot, Caroline, Dorchester & Kent Counties",-76.05152,39.334966,302.832104,1 
"21668","24","01300","MD","Sudlersville, MD","Queen Annes, Talbot, Caroline, Dorchester & Kent Counties",-75.860012,39.185792,1949.052596,1 
"21669","24","01300","MD","Taylors Island, MD","Queen Annes, Talbot, Caroline, Dorchester & Kent Counties",-76.307321,38.466774,226.472561,1 
"21671","24","01300","MD","Tilghman Island, MD","Queen Annes, Talbot, Caroline, Dorchester & Kent Counties",-76.335733,38.709673,745.915198,1 
"21672","24","01300","MD","Toddville, MD","Queen Annes, Talbot, Caroline, Dorchester & Kent Counties",-76.066884,38.282507,238.340119,1 
"21673","24","01300","MD","Trappe, MD","Queen Annes, Talbot, Caroline, Dorchester & Kent Counties",-76.050616,38.661364,3094.166746,1 
"21675","24","01300","MD","Wingate, MD","Queen Annes, Talbot, Caroline, Dorchester & Kent Counties",-76.086467,38.287409,103.841131,1 
"21676","24","01300","MD","Wittman, MD","Queen Annes, Talbot, Caroline, Dorchester & Kent Counties",-76.297602,38.793343,392.690805,1 
"21677","24","01300","MD","Woolford, MD","Queen Annes, Talbot, Caroline, Dorchester & Kent Counties",-76.184587,38.506674,435.143786,1 
"21678","24","01300","MD","Worton, MD","Queen Annes, Talbot, Caroline, Dorchester & Kent Counties",-76.091769,39.300343,2247.795712,1 
"21679","24","01300","MD","Wye Mills, MD","Queen Annes, Talbot, Caroline, Dorchester & Kent Counties",-76.076322,38.919051,476.556932,1 
"21701","24","00301","MD","Frederick, MD","Frederick County (Outside Greater Frederick City)",-77.280882,39.478163,1340.938895,0.035814 
"21701","24","00302","MD","Frederick, MD","Frederick County (Central)--Greater Frederick City",-77.386876,39.425223,36100.324095,0.964185 
"21702","24","00301","MD","Frederick, MD","Frederick County (Outside Greater Frederick City)",-77.461618,39.481602,1818.330115,0.044122 
"21702","24","00302","MD","Frederick, MD","Frederick County (Central)--Greater Frederick City",-77.439384,39.444348,39393.262648,0.955878 
"21703","24","00301","MD","Ballenger Creek, MD","Frederick County (Outside Greater Frederick City)",-77.495247,39.376916,3740.62543,0.107323 
"21703","24","00302","MD","Ballenger Creek, MD","Frederick County (Central)--Greater Frederick City",-77.441473,39.393486,31113.177145,0.892676 
"21704","24","00301","MD","Urbana, MD","Frederick County (Outside Greater Frederick City)",-77.349954,39.337006,10853.754616,0.768035 
"21704","24","00302","MD","Urbana, MD","Frederick County (Central)--Greater Frederick City",-77.369778,39.384924,3278.086381,0.231964 
"21705","24","00302","MD","Frederick, MD","Frederick County (Central)--Greater Frederick City",-77.410008,39.40886,8.486955,1 
"21710","24","00301","MD","Adamstown, MD","Frederick County (Outside Greater Frederick City)",-77.452314,39.309323,4789.825246,1 
"21711","24","00200","MD","Big Pool, MD","Washington County--Hagerstown City",-78.016729,39.647014,1048.975568,1 
"21713","24","00200","MD","Boonsboro, MD","Washington County--Hagerstown City",-77.665433,39.523098,9686.45855,1 
"21714","24","00301","MD","Braddock Heights, MD (PO Boxes)","Frederick County (Outside Greater Frederick City)",-77.504326,39.419229,105.026069,1 
"21716","24","00301","MD","Brunswick, MD","Frederick County (Outside Greater Frederick City)",-77.622901,39.316495,5182.346916,1 
"21717","24","00301","MD","Buckeystown, MD (PO Boxes)","Frederick County (Outside Greater Frederick City)",-77.434392,39.336702,57.286946,1 
"21718","24","00301","MD","Burkittsville, MD","Frederick County (Outside Greater Frederick City)",-77.62809,39.392402,160.191276,1 
"21719","24","00200","MD","Highfield-Cascade, MD","Washington County--Hagerstown City",-77.49141,39.711008,1538.293617,0.973808 
"21719","24","00301","MD","Highfield-Cascade, MD","Frederick County (Outside Greater Frederick City)",-77.467857,39.717521,41.373906,0.026192 
"21722","24","00200","MD","Clear Spring, MD","Washington County--Hagerstown City",-77.904602,39.66442,5652.642881,1 
"21723","24","00901","MD","Cooksville, MD","Howard County (West)--Columbia (West) & Ellicott City (Northwest)",-77.009641,39.324681,887.326398,1 
"21727","24","00301","MD","Emmitsburg, MD","Frederick County (Outside Greater Frederick City)",-77.335793,39.697566,6206.085867,1 
"21733","24","00200","MD","Fairplay, MD","Washington County--Hagerstown City",-77.755809,39.546813,1185.576857,1 
"21734","24","00200","MD","Funkstown, MD","Washington County--Hagerstown City",-77.707154,39.609038,785.967117,1 
"21737","24","00901","MD","Glenelg, MD","Howard County (West)--Columbia (West) & Ellicott City (Northwest)",-77.007067,39.261847,1611.110695,1 
"21738","24","00901","MD","Glenwood, MD","Howard County (West)--Columbia (West) & Ellicott City (Northwest)",-77.023394,39.27891,3611.186387,1 
"21740","24","00200","MD","Hagerstown, MD","Washington County--Hagerstown City",-77.734261,39.63012,63059.844184,1 
"21742","24","00200","MD","Hagerstown, MD","Washington County--Hagerstown City",-77.685878,39.658264,32054.409876,1 
"21746","24","00200","MD","Maryland Correctional System, Hagerstown","Washington County--Hagerstown City",-77.716181,39.563418,1919.553931,1 
"21750","24","00200","MD","Hancock, MD","Washington County--Hagerstown City",-78.176703,39.700286,3839.107861,1 
"21754","24","00301","MD","Ijamsville, MD","Frederick County (Outside Greater Frederick City)",-77.294051,39.322841,5277.82516,0.78681 
"21754","24","00302","MD","Ijamsville, MD","Frederick County (Central)--Greater Frederick City",-77.317838,39.380717,1430.051923,0.21319 
"21755","24","00301","MD","Jefferson, MD","Frederick County (Outside Greater Frederick City)",-77.549613,39.364098,5931.320698,1 
"21756","24","00200","MD","Keedysville, MD","Washington County--Hagerstown City",-77.69712,39.458973,3682.118321,1 
"21757","24","00301","MD","Keymar, MD","Frederick County (Outside Greater Frederick City)",-77.274797,39.56835,1741.94752,0.554707 
"21757","24","00400","MD","Keymar, MD","Carroll County",-77.24073,39.617908,1398.3538,0.445293 
"21758","24","00200","MD","Knoxville, MD","Washington County--Hagerstown City",-77.694158,39.355284,1825.767971,0.354774 
"21758","24","00301","MD","Knoxville, MD","Frederick County (Outside Greater Frederick City)",-77.621555,39.330704,3320.521156,0.645226 
"21762","24","00301","MD","Libertytown, MD","Frederick County (Outside Greater Frederick City)",-77.245008,39.483659,264.156475,1 
"21766","24","00100","MD","Little Orleans, MD","Allegany & Garrett Counties--Cumberland City",-78.371029,39.679428,672.433311,1 
"21767","24","00200","MD","Maugansville, MD","Washington County--Hagerstown City",-77.746794,39.69675,1010.237889,1 
"21769","24","00200","MD","Middletown, MD","Washington County--Hagerstown City",-77.625788,39.492703,38.737679,0.00325 
"21769","24","00301","MD","Middletown, MD","Frederick County (Outside Greater Frederick City)",-77.543172,39.441598,11879.615305,0.996749 
"21770","24","00301","MD","Monrovia, MD","Frederick County (Outside Greater Frederick City)",-77.24882,39.347847,5478.329473,1 
"21771","24","00301","MD","Mount Airy, MD","Frederick County (Outside Greater Frederick City)",-77.187957,39.384857,14572.101789,0.473546 
"21771","24","00400","MD","Mount Airy, MD","Carroll County",-77.126749,39.394708,12607.252911,0.409695 
"21771","24","00901","MD","Mount Airy, MD","Howard County (West)--Columbia (West) & Ellicott City (Northwest)",-77.118966,39.342028,3303.992441,0.107369 
"21771","24","01001","MD","Mount Airy, MD","Montgomery County (North & West)--Olney, Damascus, Clarksburg & Darnestown",-77.181019,39.318146,288.954304,0.00939 
"21773","24","00301","MD","Myersville, MD","Frederick County (Outside Greater Frederick City)",-77.556489,39.524172,5792.346809,1 
"21774","24","00301","MD","Linganore, MD","Frederick County (Outside Greater Frederick City)",-77.269206,39.400326,4475.80791,0.361773 
"21774","24","00302","MD","Linganore, MD","Frederick County (Central)--Greater Frederick City",-77.302288,39.411685,7896.050787,0.638227 
"21776","24","00301","MD","New Windsor, MD","Frederick County (Outside Greater Frederick City)",-77.137549,39.489425,855.060719,0.147438 
"21776","24","00400","MD","New Windsor, MD","Carroll County",-77.092937,39.521037,4944.394462,0.852561 
"21777","24","00301","MD","Point of Rocks, MD","Frederick County (Outside Greater Frederick City)",-77.53122,39.279144,1559.477987,1 
"21778","24","00301","MD","Rocky Ridge, MD","Frederick County (Outside Greater Frederick City)",-77.331995,39.615911,1160.591101,1 
"21779","24","00200","MD","Rohrersville, MD","Washington County--Hagerstown City",-77.655237,39.424711,1002.082588,1 
"21780","24","00200","MD","Sabillasville, MD","Washington County--Hagerstown City",-77.504257,39.670324,84.611246,0.049179 
"21780","24","00301","MD","Sabillasville, MD","Frederick County (Outside Greater Frederick City)",-77.469595,39.679624,1635.860582,0.95082 
"21781","24","00200","MD","St. James, MD","Washington County--Hagerstown City",-77.75985,39.572478,138.640114,1 
"21782","24","00200","MD","Sharpsburg, MD","Washington County--Hagerstown City",-77.754909,39.452609,4176.533433,1 
"21783","24","00200","MD","Smithsburg, MD","Washington County--Hagerstown City",-77.578933,39.657418,8150.203758,0.87128 
"21783","24","00301","MD","Smithsburg, MD","Frederick County (Outside Greater Frederick City)",-77.532886,39.610382,1204.086745,0.12872 
"21784","24","00400","MD","Eldersburg, MD","Carroll County",-76.962859,39.403286,35940.902653,0.939025 
"21784","24","00901","MD","Eldersburg, MD","Howard County (West)--Columbia (West) & Ellicott City (Northwest)",-76.966802,39.337424,2333.789979,0.060975 
"21787","24","00301","MD","Taneytown, MD","Frederick County (Outside Greater Frederick City)",-77.252866,39.685965,258.852128,0.024101 
"21787","24","00400","MD","Taneytown, MD","Carroll County",-77.161785,39.662006,10481.63476,0.975899 
"21788","24","00301","MD","Thurmont, MD","Frederick County (Outside Greater Frederick City)",-77.407805,39.607001,12286.989147,0.996558 
"21788","24","00302","MD","Thurmont, MD","Frederick County (Central)--Greater Frederick City",-77.473531,39.524517,42.434775,0.003442 
"21790","24","00301","MD","Tuscarora, MD","Frederick County (Outside Greater Frederick City)",-77.487624,39.262269,106.086938,1 
"21791","24","00301","MD","Union Bridge, MD","Frederick County (Outside Greater Frederick City)",-77.215424,39.515271,2642.625623,0.485657 
"21791","24","00400","MD","Union Bridge, MD","Carroll County",-77.158087,39.577474,2798.713846,0.514343 
"21793","24","00301","MD","Walkersville, MD","Frederick County (Outside Greater Frederick City)",-77.349398,39.483374,9889.42435,0.953657 
"21793","24","00302","MD","Walkersville, MD","Frederick County (Central)--Greater Frederick City",-77.311531,39.481061,480.573829,0.046343 
"21794","24","00901","MD","West Friendship, MD","Howard County (West)--Columbia (West) & Ellicott City (Northwest)",-76.970424,39.293359,2689.604549,1 
"21795","24","00200","MD","Williamsport, MD","Washington County--Hagerstown City",-77.809772,39.596784,9412.23656,1 
"21797","24","00400","MD","Woodbine, MD","Carroll County",-77.052231,39.390495,3065.544629,0.324196 
"21797","24","00901","MD","Woodbine, MD","Howard County (West)--Columbia (West) & Ellicott City (Northwest)",-77.071173,39.313758,6390.297086,0.675804 
"21798","24","00301","MD","Woodsboro, MD","Frederick County (Outside Greater Frederick City)",-77.305617,39.533113,2487.738694,1 
"21801","24","01400","MD","Salisbury, MD","Wicomico, Worcester & Somerset Counties--Salisbury City",-75.624973,38.368965,31127.480143,1 
"21802","24","01400","MD","Salisbury, MD","Wicomico, Worcester & Somerset Counties--Salisbury City",-75.582698,38.345734,92.465062,1 
"21804","24","01400","MD","Salisbury, MD","Wicomico, Worcester & Somerset Counties--Salisbury City",-75.570955,38.355591,39978.742708,1 
"21810","24","01400","MD","Allen, MD (PO Boxes)","Wicomico, Worcester & Somerset Counties--Salisbury City",-75.697782,38.297285,505.96051,1 
"21811","24","01400","MD","Ocean Pines, MD","Wicomico, Worcester & Somerset Counties--Salisbury City",-75.17455,38.353937,22545.617445,1 
"21813","24","01400","MD","Bishopville, MD","Wicomico, Worcester & Somerset Counties--Salisbury City",-75.182959,38.426943,2851.445719,1 
"21814","24","01400","MD","Bivalve, MD","Wicomico, Worcester & Somerset Counties--Salisbury City",-75.887417,38.296155,394.794648,1 
"21817","24","01400","MD","Crisfield, MD","Wicomico, Worcester & Somerset Counties--Salisbury City",-75.841226,37.986472,5128.787609,1 
"21821","24","01400","MD","Deal Island, MD","Wicomico, Worcester & Somerset Counties--Salisbury City",-75.936996,38.164363,970.708274,1 
"21822","24","01400","MD","Eden, MD","Wicomico, Worcester & Somerset Counties--Salisbury City",-75.662582,38.28863,1940.548069,1 
"21824","24","01400","MD","Smith Island, MD","Wicomico, Worcester & Somerset Counties--Salisbury City",-76.035179,37.988347,193.94575,1 
"21826","24","01400","MD","Fruitland, MD","Wicomico, Worcester & Somerset Counties--Salisbury City",-75.62222,38.321559,5025.320298,1 
"21829","24","01400","MD","Girdletree, MD","Wicomico, Worcester & Somerset Counties--Salisbury City",-75.39226,38.09593,526.897578,1 
"21830","24","01400","MD","Hebron, MD","Wicomico, Worcester & Somerset Counties--Salisbury City",-75.692643,38.41021,4182.745404,1 
"21835","24","01300","MD","Linkwood, MD","Queen Annes, Talbot, Caroline, Dorchester & Kent Counties",-75.958322,38.540221,501.404317,1 
"21837","24","01400","MD","Mardela Springs, MD","Wicomico, Worcester & Somerset Counties--Salisbury City",-75.749294,38.466413,2715.771606,1 
"21838","24","01400","MD","Marion Station, MD","Wicomico, Worcester & Somerset Counties--Salisbury City",-75.752975,38.026402,1700.453646,1 
"21840","24","01400","MD","Nanticoke, MD","Wicomico, Worcester & Somerset Counties--Salisbury City",-75.903606,38.265509,389.599982,1 
"21841","24","01400","MD","Newark, MD","Wicomico, Worcester & Somerset Counties--Salisbury City",-75.286011,38.246806,859.83286,1 
"21842","24","01400","MD","Ocean City, MD","Wicomico, Worcester & Somerset Counties--Salisbury City",-75.084165,38.381427,11086.844871,1 
"21849","24","01400","MD","Parsonsburg, MD","Wicomico, Worcester & Somerset Counties--Salisbury City",-75.476447,38.388631,3364.065976,1 
"21850","24","01400","MD","Pittsville, MD","Wicomico, Worcester & Somerset Counties--Salisbury City",-75.403826,38.381934,2898.623864,1 
"21851","24","01400","MD","Pocomoke City, MD","Wicomico, Worcester & Somerset Counties--Salisbury City",-75.553532,38.069694,7300.293853,1 
"21853","24","01400","MD","Princess Anne, MD","Wicomico, Worcester & Somerset Counties--Salisbury City",-75.701458,38.208097,10898.183906,1 
"21856","24","01400","MD","Quantico, MD","Wicomico, Worcester & Somerset Counties--Salisbury City",-75.774544,38.341345,1075.29595,1 
"21861","24","01400","MD","Sharptown, MD","Wicomico, Worcester & Somerset Counties--Salisbury City",-75.720081,38.538534,786.472497,1 
"21862","24","01400","MD","Showell, MD (PO Boxes)","Wicomico, Worcester & Somerset Counties--Salisbury City",-75.220885,38.398357,105.979399,1 
"21863","24","01400","MD","Snow Hill, MD","Wicomico, Worcester & Somerset Counties--Salisbury City",-75.396294,38.182333,5028.022622,1 
"21864","24","01400","MD","Stockton, MD","Wicomico, Worcester & Somerset Counties--Salisbury City",-75.411946,38.043878,610.881253,1 
"21865","24","01400","MD","Tyaskin, MD","Wicomico, Worcester & Somerset Counties--Salisbury City",-75.855696,38.304124,488.298644,1 
"21866","24","01400","MD","Smith Island, MD","Wicomico, Worcester & Somerset Counties--Salisbury City",-76.021975,37.967299,76.402871,1 
"21867","24","01400","MD","Fairmount, MD","Wicomico, Worcester & Somerset Counties--Salisbury City",-75.794354,38.109717,111.665735,1 
"21869","24","01300","MD","Vienna, MD","Queen Annes, Talbot, Caroline, Dorchester & Kent Counties",-75.865725,38.485157,994.896928,1 
"21871","24","01400","MD","Westover, MD","Wicomico, Worcester & Somerset Counties--Salisbury City",-75.727645,38.101179,2080.508954,1 
"21872","24","01400","MD","Whaleyville, MD","Wicomico, Worcester & Somerset Counties--Salisbury City",-75.296436,38.406324,717.860458,1 
"21874","24","01400","MD","Willards, MD","Wicomico, Worcester & Somerset Counties--Salisbury City",-75.353681,38.395244,2296.042559,1 
"21875","24","01400","MD","Delmar, MD","Wicomico, Worcester & Somerset Counties--Salisbury City",-75.562042,38.442734,6718.781552,1 
"21890","24","01400","MD","Easton Correctional Inst, Westover, MD","Wicomico, Worcester & Somerset Counties--Salisbury City",-75.708621,38.157226,3173.657726,1 
"21901","24","00700","MD","North East, MD","Cecil County",-75.955248,39.605709,16109.730437,1 
"21902","24","00700","MD","Perry Point, MD (PO Boxes)","Cecil County",-76.061537,39.550064,477.964286,1 
"21903","24","00700","MD","Perryville, MD","Cecil County",-76.061365,39.570289,5771.088944,1 
"21904","24","00700","MD","Port Deposit, MD","Cecil County",-76.082321,39.628517,7359.229299,1 
"21911","24","00700","MD","Rising Sun, MD","Cecil County",-76.050765,39.69269,11166.707006,1 
"21912","24","00700","MD","Warwick, MD","Cecil County",-75.809001,39.423442,1249.201774,1 
"21913","24","00700","MD","Cecilton, MD","Cecil County",-75.867254,39.404159,672.80323,1 
"21914","24","00700","MD","Charlestown, MD","Cecil County",-75.97831,39.573587,776.311419,1 
"21915","24","00700","MD","Chesapeake City, MD","Cecil County",-75.845028,39.510598,3074.802093,1 
"21916","24","00700","MD","Childs, MD (PO Boxes)","Cecil County",-75.86147,39.641234,37.547088,1 
"21917","24","00700","MD","Colora, MD","Cecil County",-76.092868,39.671404,2557.261146,1 
"21918","24","00700","MD","Conowingo, MD","Cecil County",-76.155736,39.676261,4347.343949,1 
"21919","24","00700","MD","Earleville, MD","Cecil County",-75.942525,39.42724,3518.263649,1 
"21920","24","00700","MD","Elk Mills, MD (PO Boxes)","Cecil County",-75.828651,39.658565,260.800045,1 
"21921","24","00700","MD","Elkton, MD","Cecil County",-75.841124,39.622682,45128.555732,1 
"21930","24","00700","MD","Georgetown, MD (PO Boxes)","Cecil County",-75.890247,39.368491,95.3899,1 
